{
	"__comment": "Designed by Jehkoba with Cubik Studio - https://cubik.studio",
	"ambientocclusion": false,
	"textures": {
		"particle": "block/acacia_door_top",
		"texture": "block/acacia_door_top"
	},
	"elements": [ 	 
		{
			"from": [ 0, 0, 13 ],
			"to": [ 3, 16, 16 ],
			"faces": {
				"down": { "uv": [ 13, 15, 14, 16 ], "texture": "#texture" },
				"up": { "uv": [ 0, 0, 1, 1 ], "texture": "#texture" },
				"north": { "uv": [ 13, 0, 16, 16 ], "texture": "#texture" },
				"south": { "uv": [ 4, 10, 3, 11 ], "texture": "#texture" },
				"west": { "uv": [ 3, 0, 0, 16 ], "texture": "#texture" },
				"east": { "uv": [ 0, 0, 3, 16 ], "texture": "#texture" }
			}
		},
		{
			"from": [ 0, 0, 0 ],
			"to": [ 3, 16, 3 ],
			"faces": {
				"down": { "uv": [ 13, 15, 14, 16 ], "texture": "#texture" },
				"up": { "uv": [ 0, 0, 1, 1 ], "texture": "#texture" },
				"north": { "uv": [ 4, 9, 3, 10 ], "texture": "#texture" },
				"south": { "uv": [ 13, 0, 16, 16 ], "texture": "#texture" },
				"west": { "uv": [ 16, 0, 13, 16 ], "texture": "#texture" },
				"east": { "uv": [ 13, 0, 16, 16 ], "texture": "#texture" }
			}
		},
		{
			"from": [ 0, 0, 3 ],
			"to": [ 3, 2, 13 ],
			"faces": {
				"down": { "uv": [ 15, 14, 16, 15 ], "texture": "#texture" },
				"up": { "uv": [ 4, 14, 5, 15 ], "texture": "#texture", "rotation": 90 },
				"north": { "uv": [ 12, 13, 4, 16 ], "texture": "#texture" },
				"south": { "uv": [ 12, 13, 4, 16 ], "texture": "#texture" },
				"west": { "uv": [ 13, 14, 3, 16 ], "texture": "#texture" },
				"east": { "uv": [ 3, 14, 13, 16 ], "texture": "#texture" }
			}
		},
		{
			"from": [ 0, 14, 3 ],
			"to": [ 3, 16, 13 ],
			"faces": {
				"down": { "uv": [ 4, 2, 12, 3 ], "texture": "#texture", "rotation": 270 },
				"up": { "uv": [ 0, 0, 1, 1 ], "texture": "#texture" },
				"north": { "uv": [ 4, 0, 12, 3 ], "texture": "#texture" },
				"south": { "uv": [ 4, 0, 12, 3 ], "texture": "#texture" },
				"west": { "uv": [ 3, 0, 13, 2 ], "texture": "#texture" },
				"east": { "uv": [ 3, 0, 13, 2 ], "texture": "#texture" }
			}
		},
		{
			"from": [ 0.5, 12, 11 ],
			"to": [ 2.5, 13, 12 ],
			"faces": {
				"down": { "uv": [ 4, 3, 5, 4 ], "texture": "#texture" },
				"up": { "uv": [ 4, 3, 5, 4 ], "texture": "#texture" },
				"north": { "uv": [ 4, 3, 5, 4 ], "texture": "#texture" },
				"south": { "uv": [ 4, 3, 5, 4 ], "texture": "#texture" },
				"west": { "uv": [ 4, 3, 5, 4 ], "texture": "#texture" },
				"east": { "uv": [ 11, 3, 12, 4 ], "texture": "#texture" }
			}
		},
		{
			"from": [ 0.5, 3, 11 ],
			"to": [ 2.5, 4, 12 ],
			"faces": {
				"down": { "uv": [ 4, 12, 5, 13 ], "texture": "#texture" },
				"up": { "uv": [ 4, 12, 5, 13 ], "texture": "#texture" },
				"north": { "uv": [ 4, 12, 5, 13 ], "texture": "#texture" },
				"south": { "uv": [ 4, 12, 5, 13 ], "texture": "#texture" },
				"west": { "uv": [ 4, 12, 5, 13 ], "texture": "#texture" },
				"east": { "uv": [ 11, 12, 12, 13 ], "texture": "#texture" }
			}
		},
		{
			"from": [ 0.5, 3, 4 ],
			"to": [ 2.5, 4, 5 ],
			"faces": {
				"down": { "uv": [ 11, 12, 12, 13 ], "texture": "#texture" },
				"up": { "uv": [ 11, 12, 12, 13 ], "texture": "#texture" },
				"north": { "uv": [ 11, 12, 12, 13 ], "texture": "#texture" },
				"south": { "uv": [ 11, 12, 12, 13 ], "texture": "#texture" },
				"west": { "uv": [ 11, 12, 12, 13 ], "texture": "#texture" },
				"east": { "uv": [ 4, 12, 5, 13 ], "texture": "#texture" }
			}
		},
		{
			"from": [ 0.5, 12, 4 ],
			"to": [ 2.5, 13, 5 ],
			"faces": {
				"down": { "uv": [ 11, 3, 12, 4 ], "texture": "#texture" },
				"up": { "uv": [ 11, 3, 12, 4 ], "texture": "#texture" },
				"north": { "uv": [ 11, 3, 12, 4 ], "texture": "#texture" },
				"south": { "uv": [ 11, 3, 12, 4 ], "texture": "#texture" },
				"west": { "uv": [ 11, 3, 12, 4 ], "texture": "#texture" },
				"east": { "uv": [ 4, 3, 5, 4 ], "texture": "#texture" }
			}
		},
		{
			"from": [ 0.5, 3, 7 ],
			"to": [ 2.5, 13, 9 ],
			"faces": {
				"down": { "uv": [ 4, 12, 5, 13 ], "texture": "#texture" },
				"up": { "uv": [ 4, 12, 5, 13 ], "texture": "#texture" },
				"north": { "uv": [ 7, 3, 9, 13 ], "texture": "#texture" },
				"south": { "uv": [ 9, 3, 7, 13 ], "texture": "#texture" },
				"west": { "uv": [ 9, 3, 7, 13 ], "texture": "#texture" },
				"east": { "uv": [ 7, 3, 9, 13 ], "texture": "#texture" }
			}
		},
		{
			"from": [ 0.5, 7, 4 ],
			"to": [ 2.5, 9, 7 ],
			"faces": {
				"down": { "uv": [ 4, 12, 5, 13 ], "texture": "#texture" },
				"up": { "uv": [ 4, 12, 5, 13 ], "texture": "#texture" },
				"north": { "uv": [ 4, 7, 7, 9 ], "texture": "#texture" },
				"south": { "uv": [ 4, 7, 7, 9 ], "texture": "#texture" },
				"west": { "uv": [ 7, 7, 4, 9 ], "texture": "#texture" },
				"east": { "uv": [ 4, 7, 7, 9 ], "texture": "#texture" }
			}
		},
		{
			"from": [ 0.5, 7, 9 ],
			"to": [ 2.5, 9, 12 ],
			"faces": {
				"down": { "uv": [ 4, 12, 5, 13 ], "texture": "#texture" },
				"up": { "uv": [ 4, 12, 5, 13 ], "texture": "#texture" },
				"north": { "uv": [ 9, 7, 12, 9 ], "texture": "#texture" },
				"south": { "uv": [ 9, 7, 12, 9 ], "texture": "#texture" },
				"west": { "uv": [ 12, 7, 9, 9 ], "texture": "#texture" },
				"east": { "uv": [ 9, 7, 12, 9 ], "texture": "#texture" }
			}
		},
		{
			"from": [ -0.5, 0, 4 ],
			"to": [ 3.5, 2.2, 6 ],
			"faces": {
				"down": { "uv": [ 11, 14, 12, 15 ], "texture": "#texture" },
				"up": { "uv": [ 10, 14, 11, 15 ], "texture": "#texture" },
				"north": { "uv": [ 12, 14, 10, 16 ], "texture": "#texture" },
				"south": { "uv": [ 12, 14, 10, 16 ], "texture": "#texture" },
				"west": { "uv": [ 12, 14, 10, 16 ], "texture": "#texture" },
				"east": { "uv": [ 10, 14, 12, 16 ], "texture": "#texture" }
			}
		},
		{
			"from": [ -0.5, 0, 6 ],
			"to": [ 3.5, 1.1, 7 ],
			"faces": {
				"down": { "uv": [ 11, 14, 12, 15 ], "texture": "#texture" },
				"up": { "uv": [ 10, 14, 11, 15 ], "texture": "#texture" },
				"north": { "uv": [ 10, 15, 9, 16 ], "texture": "#texture" },
				"south": { "uv": [ 10, 15, 9, 16 ], "texture": "#texture" },
				"west": { "uv": [ 10, 15, 9, 16 ], "texture": "#texture" },
				"east": { "uv": [ 13, 15, 12, 16 ], "texture": "#texture" }
			}
		},
		{
			"from": [ -0.5, 0, 3 ],
			"to": [ 3.5, 1.1, 4 ],
			"faces": {
				"down": { "uv": [ 11, 14, 12, 15 ], "texture": "#texture" },
				"up": { "uv": [ 10, 14, 11, 15 ], "texture": "#texture" },
				"north": { "uv": [ 13, 15, 12, 16 ], "texture": "#texture" },
				"south": { "uv": [ 13, 15, 12, 16 ], "texture": "#texture" },
				"west": { "uv": [ 13, 15, 12, 16 ], "texture": "#texture" },
				"east": { "uv": [ 10, 15, 9, 16 ], "texture": "#texture" }
			}
		},
		{
			"from": [ 0.5, 4, 12 ],
			"to": [ 2.5, 12, 13 ],
			"faces": {
				"down": { "uv": [ 4, 3, 5, 4 ], "texture": "#texture" },
				"up": { "uv": [ 4, 3, 5, 4 ], "texture": "#texture" },
				"north": { "uv": [ 4, 3, 5, 4 ], "texture": "#texture" },
				"south": { "uv": [ 4, 3, 5, 4 ], "texture": "#texture" },
				"west": { "uv": [ 3, 4, 4, 12 ], "texture": "#texture" },
				"east": { "uv": [ 12, 4, 13, 12 ], "texture": "#texture" }
			}
		},
		{
			"from": [ 0.5, 4, 3 ],
			"to": [ 2.5, 12, 4 ],
			"faces": {
				"down": { "uv": [ 4, 3, 5, 4 ], "texture": "#texture" },
				"up": { "uv": [ 4, 3, 5, 4 ], "texture": "#texture" },
				"north": { "uv": [ 4, 3, 5, 4 ], "texture": "#texture" },
				"south": { "uv": [ 4, 3, 5, 4 ], "texture": "#texture" },
				"west": { "uv": [ 12, 4, 13, 12 ], "texture": "#texture" },
				"east": { "uv": [ 3, 4, 4, 12 ], "texture": "#texture" }
			}
		},
		{
			"from": [ 0.5, 13, 5 ],
			"to": [ 2.5, 14, 11 ],
			"faces": {
				"down": { "uv": [ 4, 12, 5, 13 ], "texture": "#texture" },
				"up": { "uv": [ 4, 12, 5, 13 ], "texture": "#texture" },
				"north": { "uv": [ 4, 7, 7, 9 ], "texture": "#texture" },
				"south": { "uv": [ 4, 7, 7, 9 ], "texture": "#texture" },
				"west": { "uv": [ 11, 2, 5, 3 ], "texture": "#texture" },
				"east": { "uv": [ 5, 2, 11, 3 ], "texture": "#texture" }
			}
		},
		{
			"from": [ 0.5, 2, 5 ],
			"to": [ 2.5, 3, 11 ],
			"faces": {
				"down": { "uv": [ 4, 12, 5, 13 ], "texture": "#texture" },
				"up": { "uv": [ 4, 12, 5, 13 ], "texture": "#texture" },
				"north": { "uv": [ 7, 7, 4, 9 ], "texture": "#texture" },
				"south": { "uv": [ 7, 7, 4, 9 ], "texture": "#texture" },
				"west": { "uv": [ 5, 13, 11, 14 ], "texture": "#texture" },
				"east": { "uv": [ 11, 13, 5, 14 ], "texture": "#texture" }
			}
		},
		{
			"from": [ 0, 13, 11 ],
			"to": [ 3, 14, 13 ],
			"faces": {
				"down": { "uv": [ 4, 3, 5, 4 ], "texture": "#texture" },
				"up": { "uv": [ 4, 3, 5, 4 ], "texture": "#texture" },
				"north": { "uv": [ 5, 3, 4, 4 ], "texture": "#texture" },
				"south": { "uv": [ 5, 3, 4, 4 ], "texture": "#texture" },
				"west": { "uv": [ 5, 2, 3, 3 ], "texture": "#texture" },
				"east": { "uv": [ 13, 2, 11, 3 ], "texture": "#texture" }
			}
		},
		{
			"from": [ 0, 13, 3 ],
			"to": [ 3, 14, 5 ],
			"faces": {
				"down": { "uv": [ 4, 3, 5, 4 ], "texture": "#texture" },
				"up": { "uv": [ 4, 3, 5, 4 ], "texture": "#texture" },
				"north": { "uv": [ 5, 3, 4, 4 ], "texture": "#texture" },
				"south": { "uv": [ 5, 3, 4, 4 ], "texture": "#texture" },
				"west": { "uv": [ 13, 2, 11, 3 ], "texture": "#texture" },
				"east": { "uv": [ 5, 2, 3, 3 ], "texture": "#texture" }
			}
		},
		{
			"from": [ 0, 2, 3 ],
			"to": [ 3, 3, 5 ],
			"faces": {
				"down": { "uv": [ 4, 3, 5, 4 ], "texture": "#texture" },
				"up": { "uv": [ 4, 2, 5, 3 ], "texture": "#texture" },
				"north": { "uv": [ 4, 3, 5, 4 ], "texture": "#texture" },
				"south": { "uv": [ 4, 3, 5, 4 ], "texture": "#texture" },
				"west": { "uv": [ 3, 13, 5, 14 ], "texture": "#texture" },
				"east": { "uv": [ 11, 13, 13, 14 ], "texture": "#texture" }
			}
		},
		{
			"from": [ 0, 2, 11 ],
			"to": [ 3, 3, 13 ],
			"faces": {
				"down": { "uv": [ 4, 3, 5, 4 ], "texture": "#texture" },
				"up": { "uv": [ 4, 2, 5, 3 ], "texture": "#texture" },
				"north": { "uv": [ 4, 3, 5, 4 ], "texture": "#texture" },
				"south": { "uv": [ 4, 3, 5, 4 ], "texture": "#texture" },
				"west": { "uv": [ 13, 13, 11, 14 ], "texture": "#texture" },
				"east": { "uv": [ 3, 13, 5, 14 ], "texture": "#texture" }
			}
		},
		{
			"from": [ 0, 3, 12 ],
			"to": [ 3, 4, 13 ],
			"faces": {
				"down": { "uv": [ 4, 3, 5, 4 ], "texture": "#texture" },
				"up": { "uv": [ 4, 2, 5, 3 ], "texture": "#texture" },
				"north": { "uv": [ 4, 3, 5, 4 ], "texture": "#texture" },
				"south": { "uv": [ 4, 3, 5, 4 ], "texture": "#texture" },
				"west": { "uv": [ 3, 12, 4, 13 ], "texture": "#texture" },
				"east": { "uv": [ 12, 12, 13, 13 ], "texture": "#texture" }
			}
		},
		{
			"from": [ 0, 3, 3 ],
			"to": [ 3, 4, 4 ],
			"faces": {
				"down": { "uv": [ 4, 3, 5, 4 ], "texture": "#texture" },
				"up": { "uv": [ 4, 2, 5, 3 ], "texture": "#texture" },
				"north": { "uv": [ 4, 3, 5, 4 ], "texture": "#texture" },
				"south": { "uv": [ 4, 3, 5, 4 ], "texture": "#texture" },
				"west": { "uv": [ 12, 12, 13, 13 ], "texture": "#texture" },
				"east": { "uv": [ 3, 12, 4, 13 ], "texture": "#texture" }
			}
		},
		{
			"from": [ 0, 12, 12 ],
			"to": [ 3, 13, 13 ],
			"faces": {
				"down": { "uv": [ 4, 3, 5, 4 ], "texture": "#texture" },
				"up": { "uv": [ 4, 3, 5, 4 ], "texture": "#texture" },
				"north": { "uv": [ 4, 3, 5, 4 ], "texture": "#texture" },
				"south": { "uv": [ 4, 3, 5, 4 ], "texture": "#texture" },
				"west": { "uv": [ 3, 3, 4, 4 ], "texture": "#texture" },
				"east": { "uv": [ 12, 3, 13, 4 ], "texture": "#texture" }
			}
		},
		{
			"from": [ 0, 12, 3 ],
			"to": [ 3, 13, 4 ],
			"faces": {
				"down": { "uv": [ 4, 3, 5, 4 ], "texture": "#texture" },
				"up": { "uv": [ 4, 3, 5, 4 ], "texture": "#texture" },
				"north": { "uv": [ 4, 3, 5, 4 ], "texture": "#texture" },
				"south": { "uv": [ 4, 3, 5, 4 ], "texture": "#texture" },
				"west": { "uv": [ 12, 3, 13, 4 ], "texture": "#texture" },
				"east": { "uv": [ 3, 3, 4, 4 ], "texture": "#texture" }
			}
		}
	]
}