{
	"__comment": "Designed by Jehkoba with Cubik Studio - https://cubik.studio",
	"ambientocclusion": false,
	"textures": {
		"particle": "block/acacia_door_bottom",
		"bottom": "block/acacia_door_bottom",
		"texture": "block/acacia_door_bottom"
	},
	"elements": [ 	 
		{
			"from": [ 0, 0, 0 ],
			"to": [ 3, 16, 4 ],
			"faces": {
				"down": { "uv": [ 13, 15, 14, 16 ], "texture": "#texture", "rotation": 90 },
				"up": { "uv": [ 0, 0, 1, 1 ], "texture": "#texture", "rotation": 90 },
				"north": { "uv": [ 16, 0, 13, 16 ], "texture": "#texture" },
				"south": { "uv": [ 16, 0, 13, 16 ], "texture": "#texture" },
				"west": { "uv": [ 16, 0, 12, 16 ], "texture": "#texture" },
				"east": { "uv": [ 12, 0, 16, 16 ], "texture": "#texture" }
			}
		},
		{
			"from": [ 0, 0, 13 ],
			"to": [ 3, 16, 16 ],
			"faces": {
				"down": { "uv": [ 13, 15, 14, 16 ], "texture": "#texture" },
				"up": { "uv": [ 0, 0, 1, 1 ], "texture": "#texture" },
				"north": { "uv": [ 16, 0, 13, 16 ], "texture": "#texture" },
				"south": { "uv": [ 16, 0, 13, 16 ], "texture": "#texture" },
				"west": { "uv": [ 3, 0, 0, 16 ], "texture": "#texture" },
				"east": { "uv": [ 0, 0, 3, 16 ], "texture": "#texture" }
			}
		},
		{
			"from": [ 0, 0, 4 ],
			"to": [ 3, 4, 13 ],
			"faces": {
				"down": { "uv": [ 13, 15, 14, 16 ], "texture": "#texture" },
				"up": { "uv": [ 3, 12, 13, 15 ], "texture": "#texture", "rotation": 270 },
				"north": { "uv": [ 13, 12, 3, 16 ], "texture": "#texture" },
				"south": { "uv": [ 13, 12, 3, 16 ], "texture": "#texture" },
				"west": { "uv": [ 12, 12, 3, 16 ], "texture": "#texture" },
				"east": { "uv": [ 12, 12, 3, 16 ], "texture": "#texture" }
			}
		},
		{
			"from": [ 0.5, 4, 4 ],
			"to": [ 2.5, 15, 13 ],
			"faces": {
				"down": { "uv": [ 13, 0, 16, 16 ], "texture": "#texture" },
				"up": { "uv": [ 13, 0, 3, 3 ], "texture": "#texture", "rotation": 90 },
				"north": { "uv": [ 13, 0, 3, 12 ], "texture": "#texture" },
				"south": { "uv": [ 3, 0, 13, 12 ], "texture": "#texture" },
				"west": { "uv": [ 12, 1, 3, 12 ], "texture": "#texture" },
				"east": { "uv": [ 3, 1, 12, 12 ], "texture": "#texture" }
			}
		},
		{
			"from": [ 0, 15, 4 ],
			"to": [ 3, 16, 13 ],
			"faces": {
				"down": { "uv": [ 3, 15, 13, 16 ], "texture": "#texture" },
				"up": { "uv": [ 1, 0, 2, 1 ], "texture": "#texture", "rotation": 270 },
				"north": { "uv": [ 13, 12, 3, 16 ], "texture": "#texture" },
				"south": { "uv": [ 13, 12, 3, 16 ], "texture": "#texture" },
				"west": { "uv": [ 12, 0, 3, 1 ], "texture": "#texture" },
				"east": { "uv": [ 3, 0, 12, 1 ], "texture": "#texture" }
			}
		},
		{
			"from": [ 0, 4, 4 ],
			"to": [ 3, 5, 5 ],
			"faces": {
				"down": { "uv": [ 13, 15, 16, 16 ], "texture": "#texture" },
				"up": { "uv": [ 0, 0, 3, 1 ], "texture": "#texture" },
				"north": { "uv": [ 3, 11, 4, 12 ], "texture": "#texture" },
				"south": { "uv": [ 3, 11, 4, 12 ], "texture": "#texture" },
				"west": { "uv": [ 3, 11, 4, 12 ], "texture": "#texture" },
				"east": { "uv": [ 3, 11, 4, 12 ], "texture": "#texture" }
			}
		},
		{
			"from": [ 0, 4, 12 ],
			"to": [ 3, 5, 13 ],
			"faces": {
				"down": { "uv": [ 13, 15, 16, 16 ], "texture": "#texture" },
				"up": { "uv": [ 0, 0, 3, 1 ], "texture": "#texture" },
				"north": { "uv": [ 11, 11, 12, 12 ], "texture": "#texture" },
				"south": { "uv": [ 11, 11, 12, 12 ], "texture": "#texture" },
				"west": { "uv": [ 11, 11, 12, 12 ], "texture": "#texture" },
				"east": { "uv": [ 11, 11, 12, 12 ], "texture": "#texture" }
			}
		},
		{
			"from": [ 0, 14, 4 ],
			"to": [ 3, 15, 5 ],
			"faces": {
				"down": { "uv": [ 3, 1, 4, 2 ], "texture": "#texture" },
				"up": { "uv": [ 3, 1, 4, 2 ], "texture": "#texture" },
				"north": { "uv": [ 3, 1, 4, 2 ], "texture": "#texture" },
				"south": { "uv": [ 3, 1, 4, 2 ], "texture": "#texture" },
				"west": { "uv": [ 3, 1, 4, 2 ], "texture": "#texture" },
				"east": { "uv": [ 3, 1, 4, 2 ], "texture": "#texture" }
			}
		},
		{
			"from": [ -0.5, 14, 4 ],
			"to": [ 3.5, 16, 6 ],
			"faces": {
				"down": { "uv": [ 11, 1, 12, 2 ], "texture": "#texture" },
				"up": { "uv": [ 10, 0, 11, 1 ], "texture": "#texture" },
				"north": { "uv": [ 12, 0, 10, 2 ], "texture": "#texture" },
				"south": { "uv": [ 12, 0, 10, 2 ], "texture": "#texture" },
				"west": { "uv": [ 12, 0, 10, 2 ], "texture": "#texture" },
				"east": { "uv": [ 10, 0, 12, 2 ], "texture": "#texture" }
			}
		},
		{
			"from": [ -0.5, 15, 6 ],
			"to": [ 3.5, 16, 7 ],
			"faces": {
				"down": { "uv": [ 10, 1, 11, 2 ], "texture": "#texture" },
				"up": { "uv": [ 10, 0, 11, 1 ], "texture": "#texture" },
				"north": { "uv": [ 9, 0, 10, 1 ], "texture": "#texture" },
				"south": { "uv": [ 9, 0, 10, 1 ], "texture": "#texture" },
				"west": { "uv": [ 9, 0, 10, 1 ], "texture": "#texture" },
				"east": { "uv": [ 9, 0, 10, 1 ], "texture": "#texture" }
			}
		},
		{
			"from": [ -0.5, 15, 3 ],
			"to": [ 3.5, 16, 4 ],
			"faces": {
				"down": { "uv": [ 10, 1, 11, 2 ], "texture": "#texture" },
				"up": { "uv": [ 10, 0, 11, 1 ], "texture": "#texture" },
				"north": { "uv": [ 12, 0, 13, 1 ], "texture": "#texture" },
				"south": { "uv": [ 12, 0, 13, 1 ], "texture": "#texture" },
				"west": { "uv": [ 12, 0, 13, 1 ], "texture": "#texture" },
				"east": { "uv": [ 12, 0, 13, 1 ], "texture": "#texture" }
			}
		},
		{
			"from": [ 0, 5, 6 ],
			"to": [ 3, 14, 11 ],
			"faces": {
				"down": { "uv": [ 5, 11, 10, 12 ], "texture": "#texture" },
				"up": { "uv": [ 10, 2, 5, 3 ], "texture": "#texture", "rotation": 90 },
				"north": { "uv": [ 10, 2, 5, 11 ], "texture": "#texture" },
				"south": { "uv": [ 10, 2, 5, 11 ], "texture": "#texture" },
				"west": { "uv": [ 10, 2, 5, 11 ], "texture": "#texture" },
				"east": { "uv": [ 5, 2, 10, 11 ], "texture": "#texture" }
			}
		},
		{
			"from": [ 0, 6, 11 ],
			"to": [ 3, 13, 12 ],
			"faces": {
				"down": { "uv": [ 4, 10, 5, 11 ], "texture": "#texture" },
				"up": { "uv": [ 5, 3, 4, 4 ], "texture": "#texture", "rotation": 90 },
				"north": { "uv": [ 5, 3, 4, 10 ], "texture": "#texture" },
				"south": { "uv": [ 5, 3, 4, 10 ], "texture": "#texture" },
				"west": { "uv": [ 5, 3, 4, 10 ], "texture": "#texture" },
				"east": { "uv": [ 5, 3, 4, 10 ], "texture": "#texture" }
			}
		},
		{
			"from": [ 0, 6, 5 ],
			"to": [ 3, 13, 6 ],
			"faces": {
				"down": { "uv": [ 10, 10, 11, 11 ], "texture": "#texture" },
				"up": { "uv": [ 11, 3, 10, 4 ], "texture": "#texture", "rotation": 90 },
				"north": { "uv": [ 11, 3, 10, 10 ], "texture": "#texture" },
				"south": { "uv": [ 11, 3, 10, 10 ], "texture": "#texture" },
				"west": { "uv": [ 11, 3, 10, 10 ], "texture": "#texture" },
				"east": { "uv": [ 11, 3, 10, 10 ], "texture": "#texture" }
			}
		}
	]
}