{
	"__comment": "Designed by Jehkoba with Cubik Studio - https://cubik.studio",
	"parent": "block/block",
	"ambientocclusion": false,
	"textures": {
		"particle": "block/acacia_fence",
		"texture": "block/acacia_fence"
	},
	"elements": [ 	 
		{
			"__comment": "Box5",
			"from": [ 6, 0, 12 ],
			"to": [ 10, 16, 16 ],
			"faces": {
				"down": { "uv": [ 6, 6, 10, 10 ], "texture": "#texture" },
				"up": { "uv": [ 6, 6, 10, 10 ], "texture": "#texture" },
				"north": { "uv": [ 6, 0, 10, 16 ], "texture": "#texture" },
				"south": { "uv": [ 6, 0, 10, 16 ], "texture": "#texture" },
				"west": { "uv": [ 6, 0, 10, 16 ], "texture": "#texture" },
				"east": { "uv": [ 6, 0, 10, 16 ], "texture": "#texture" }
			}
		},
		{
			"__comment": "Box5",
			"from": [ 6, 0, 0 ],
			"to": [ 10, 16, 4 ],
			"faces": {
				"down": { "uv": [ 6, 6, 10, 10 ], "texture": "#texture" },
				"up": { "uv": [ 6, 6, 10, 10 ], "texture": "#texture" },
				"north": { "uv": [ 6, 0, 10, 16 ], "texture": "#texture" },
				"south": { "uv": [ 6, 0, 10, 16 ], "texture": "#texture" },
				"west": { "uv": [ 6, 0, 10, 16 ], "texture": "#texture" },
				"east": { "uv": [ 6, 0, 10, 16 ], "texture": "#texture" }
			}
		},
		{
			"__comment": "Box24",
			"from": [ 7, 1, 4 ],
			"to": [ 9, 5, 8 ],
			"faces": {
				"down": { "uv": [ 7, 2, 9, 6 ], "texture": "#texture" },
				"up": { "uv": [ 7, 10, 9, 14 ], "texture": "#texture" },
				"north": { "uv": [ 7, 11, 9, 15 ], "texture": "#texture" },
				"south": { "uv": [ 7, 11, 9, 15 ], "texture": "#texture" },
				"west": { "uv": [ 10, 11, 14, 15 ], "texture": "#texture" },
				"east": { "uv": [ 2, 11, 6, 15 ], "texture": "#texture" }
			}
		},
		{
			"__comment": "Box24",
			"from": [ 7, 11, 4 ],
			"to": [ 9, 15, 8 ],
			"faces": {
				"down": { "uv": [ 7, 2, 9, 6 ], "texture": "#texture" },
				"up": { "uv": [ 7, 10, 9, 14 ], "texture": "#texture" },
				"north": { "uv": [ 7, 11, 9, 15 ], "texture": "#texture" },
				"south": { "uv": [ 7, 11, 9, 15 ], "texture": "#texture" },
				"west": { "uv": [ 10, 11, 14, 15 ], "texture": "#texture" },
				"east": { "uv": [ 2, 11, 6, 15 ], "texture": "#texture" }
			}
		},
		{
			"__comment": "Box27",
			"from": [ 7, 11, 8 ],
			"to": [ 9, 15, 12 ],
			"faces": {
				"down": { "uv": [ 7, 10, 9, 14 ], "texture": "#texture" },
				"up": { "uv": [ 7, 2, 9, 6 ], "texture": "#texture" },
				"north": { "uv": [ 7, 11, 9, 15 ], "texture": "#texture" },
				"south": { "uv": [ 7, 11, 9, 15 ], "texture": "#texture" },
				"west": { "uv": [ 2, 11, 6, 15 ], "texture": "#texture" },
				"east": { "uv": [ 10, 11, 14, 15 ], "texture": "#texture" }
			}
		},
		{
			"__comment": "Box27",
			"from": [ 7, 1, 8 ],
			"to": [ 9, 5, 12 ],
			"faces": {
				"down": { "uv": [ 7, 10, 9, 14 ], "texture": "#texture" },
				"up": { "uv": [ 7, 2, 9, 6 ], "texture": "#texture" },
				"north": { "uv": [ 7, 11, 9, 15 ], "texture": "#texture" },
				"south": { "uv": [ 7, 11, 9, 15 ], "texture": "#texture" },
				"west": { "uv": [ 2, 11, 6, 15 ], "texture": "#texture" },
				"east": { "uv": [ 10, 11, 14, 15 ], "texture": "#texture" }
			}
		},
		{
			"__comment": "Box30",
			"from": [ 7.5, 5, 6 ],
			"to": [ 8.5, 11, 10 ],
			"faces": {
				"down": { "uv": [ 5, 11, 6, 15 ], "texture": "#texture" },
				"up": { "uv": [ 5, 1, 6, 5 ], "texture": "#texture" },
				"north": { "uv": [ 10, 5, 11, 11 ], "texture": "#texture" },
				"south": { "uv": [ 5, 5, 6, 11 ], "texture": "#texture" },
				"west": { "uv": [ 1, 5, 5, 11 ], "texture": "#texture" },
				"east": { "uv": [ 11, 5, 15, 11 ], "texture": "#texture" }
			}
		},
		{
			"__comment": "Box32",
			"from": [ 7, 1, -2 ],
			"to": [ 9, 5, 0 ],
			"faces": {
				"down": { "uv": [ 7, 10, 9, 12 ], "texture": "#texture" },
				"up": { "uv": [ 7, 4, 9, 6 ], "texture": "#texture" },
				"north": { "uv": [ 7, 11, 9, 15 ], "texture": "#texture" },
				"south": { "uv": [ 7, 11, 9, 15 ], "texture": "#texture" },
				"west": { "uv": [ 4, 11, 6, 15 ], "texture": "#texture" },
				"east": { "uv": [ 10, 11, 12, 15 ], "texture": "#texture" }
			}
		},
		{
			"__comment": "Box32",
			"from": [ 7, 11, -2 ],
			"to": [ 9, 15, 0 ],
			"faces": {
				"down": { "uv": [ 7, 10, 9, 12 ], "texture": "#texture" },
				"up": { "uv": [ 7, 4, 9, 6 ], "texture": "#texture" },
				"north": { "uv": [ 7, 11, 9, 15 ], "texture": "#texture" },
				"south": { "uv": [ 7, 11, 9, 15 ], "texture": "#texture" },
				"west": { "uv": [ 4, 11, 6, 15 ], "texture": "#texture" },
				"east": { "uv": [ 10, 11, 12, 15 ], "texture": "#texture" }
			}
		},
		{
			"__comment": "Box35",
			"from": [ 7, 1, 16 ],
			"to": [ 9, 5, 18 ],
			"faces": {
				"down": { "uv": [ 6, 4, 8, 6 ], "texture": "#texture" },
				"up": { "uv": [ 6, 10, 8, 12 ], "texture": "#texture" },
				"north": { "uv": [ 8, 11, 10, 15 ], "texture": "#texture" },
				"south": { "uv": [ 6, 11, 8, 15 ], "texture": "#texture" },
				"west": { "uv": [ 10, 11, 12, 15 ], "texture": "#texture" },
				"east": { "uv": [ 4, 11, 6, 15 ], "texture": "#texture" }
			}
		},
		{
			"__comment": "Box35",
			"from": [ 7, 11, 16 ],
			"to": [ 9, 15, 18 ],
			"faces": {
				"down": { "uv": [ 6, 4, 8, 6 ], "texture": "#texture" },
				"up": { "uv": [ 6, 10, 8, 12 ], "texture": "#texture" },
				"north": { "uv": [ 8, 11, 10, 15 ], "texture": "#texture" },
				"south": { "uv": [ 6, 11, 8, 15 ], "texture": "#texture" },
				"west": { "uv": [ 10, 11, 12, 15 ], "texture": "#texture" },
				"east": { "uv": [ 4, 11, 6, 15 ], "texture": "#texture" }
			}
		}
	],
	"display": {
		"gui": {
			"rotation":  [ 30, 135, 0 ],
			"scale":  [ 0.625, 0.625, 0.625 ]
		},
		"fixed": {
			"rotation":  [ 0, 90, 0 ],
			"scale":  [ 0.5, 0.5, 0.5 ]
		}
	}
}