{
	"__comment": "Designed by Jehkoba with Cubik Studio - https://cubik.studio",
	"parent": "block/block",
	"ambientocclusion": false,
	"textures": {
		"particle": "block/beacon",
		"glass": "block/spawner",
		"obsidian": "block/obsidian",
		"beacon": "block/beacon"
	},
	"elements": [ 	 
		{
			"__comment": "Obsidian base",
			"from": [ 1, 0, 1 ],
			"to": [ 15, 3, 15 ],
			"faces": {
				"down": { "uv": [ 1, 1, 15, 15 ], "texture": "#obsidian" },
				"up": { "uv": [ 1, 1, 15, 15 ], "texture": "#obsidian" },
				"north": { "uv": [ 1, 13, 15, 16 ], "texture": "#obsidian" },
				"south": { "uv": [ 1, 13, 15, 16 ], "texture": "#obsidian" },
				"west": { "uv": [ 1, 13, 15, 16 ], "texture": "#obsidian" },
				"east": { "uv": [ 1, 13, 15, 16 ], "texture": "#obsidian" }
			}
		},
		{
			"__comment": "Inner beacon texture",
			"from": [ 4, 7, 4 ],
			"to": [ 12, 13, 12 ],
			"faces": {
				"down": { "uv": [ 4, 4, 12, 12 ], "texture": "#beacon" },
				"up": { "uv": [ 4, 4, 12, 12 ], "texture": "#beacon" },
				"north": { "uv": [ 4, 5, 12, 11 ], "texture": "#beacon" },
				"south": { "uv": [ 4, 5, 12, 11 ], "texture": "#beacon" },
				"west": { "uv": [ 4, 5, 12, 11 ], "texture": "#beacon" },
				"east": { "uv": [ 4, 5, 12, 11 ], "texture": "#beacon" }
			}
		},
		{
			"__comment": "Frame",
			"from": [ 3, 5, 3 ],
			"to": [ 13, 15, 13 ],
			"faces": {
				"down": { "uv": [ 2, 2, 14, 14 ], "texture": "#glass" },
				"up": { "uv": [ 2, 2, 14, 14 ], "texture": "#glass" },
				"north": { "uv": [ 2, 2, 14, 14 ], "texture": "#glass" },
				"south": { "uv": [ 2, 2, 14, 14 ], "texture": "#glass" },
				"west": { "uv": [ 2, 2, 14, 14 ], "texture": "#glass" },
				"east": { "uv": [ 2, 2, 14, 14 ], "texture": "#glass" }
			}
		},
		{
			"__comment": "Box5",
			"from": [ 5, 6, 5 ],
			"to": [ 11, 7, 11 ],
			"faces": {
				"down": { "uv": [ 5, 5, 11, 11 ], "texture": "#beacon" },
				"up": { "uv": [ 5, 5, 11, 11 ], "texture": "#beacon" },
				"north": { "uv": [ 5, 11, 11, 12 ], "texture": "#beacon" },
				"south": { "uv": [ 5, 11, 11, 12 ], "texture": "#beacon" },
				"west": { "uv": [ 5, 11, 11, 12 ], "texture": "#beacon" },
				"east": { "uv": [ 5, 11, 11, 12 ], "texture": "#beacon" }
			}
		},
		{
			"__comment": "Box5",
			"from": [ 5, 13, 5 ],
			"to": [ 11, 14, 11 ],
			"faces": {
				"down": { "uv": [ 5, 5, 11, 11 ], "texture": "#beacon" },
				"up": { "uv": [ 5, 5, 11, 11 ], "texture": "#beacon" },
				"north": { "uv": [ 5, 11, 11, 12 ], "texture": "#beacon" },
				"south": { "uv": [ 5, 11, 11, 12 ], "texture": "#beacon" },
				"west": { "uv": [ 5, 11, 11, 12 ], "texture": "#beacon" },
				"east": { "uv": [ 5, 11, 11, 12 ], "texture": "#beacon" }
			}
		},
		{
			"__comment": "Box6",
			"from": [ 6, 5, 6 ],
			"to": [ 10, 6, 10 ],
			"faces": {
				"down": { "uv": [ 6, 6, 10, 10 ], "texture": "#beacon" },
				"up": { "uv": [ 6, 6, 10, 10 ], "texture": "#beacon" },
				"north": { "uv": [ 6, 10, 10, 11 ], "texture": "#beacon" },
				"south": { "uv": [ 6, 10, 10, 11 ], "texture": "#beacon" },
				"west": { "uv": [ 6, 10, 10, 11 ], "texture": "#beacon" },
				"east": { "uv": [ 6, 10, 10, 11 ], "texture": "#beacon" }
			}
		},
		{
			"__comment": "Box6",
			"from": [ 6, 14, 6 ],
			"to": [ 10, 15, 10 ],
			"faces": {
				"down": { "uv": [ 6, 6, 10, 10 ], "texture": "#beacon" },
				"up": { "uv": [ 6, 6, 10, 10 ], "texture": "#beacon" },
				"north": { "uv": [ 6, 10, 10, 11 ], "texture": "#beacon" },
				"south": { "uv": [ 6, 10, 10, 11 ], "texture": "#beacon" },
				"west": { "uv": [ 6, 10, 10, 11 ], "texture": "#beacon" },
				"east": { "uv": [ 6, 10, 10, 11 ], "texture": "#beacon" }
			}
		},
		{
			"__comment": "Obsidian base",
			"from": [ 2, 3, 2 ],
			"to": [ 14, 5, 14 ],
			"faces": {
				"down": { "uv": [ 2, 2, 14, 14 ], "texture": "#obsidian" },
				"up": { "uv": [ 2, 2, 14, 14 ], "texture": "#obsidian" },
				"north": { "uv": [ 2, 11, 14, 13 ], "texture": "#obsidian" },
				"south": { "uv": [ 2, 11, 14, 13 ], "texture": "#obsidian" },
				"west": { "uv": [ 2, 11, 14, 13 ], "texture": "#obsidian" },
				"east": { "uv": [ 2, 11, 14, 13 ], "texture": "#obsidian" }
			}
		}
	]
}