{
	"__comment": "Designed by Jehkoba with Cubik Studio - https://cubik.studio",
	"parent": "block/leaves",
	"textures": {
		"all": "block/birch_leaves_0"
	},
	"elements": [ 	 
		{
			"__comment": "Birch Leaves",
			"from": [ 0, 0, 0 ],
			"to": [ 16, 16, 16 ],
			"shade": false,
			"faces": {
				"down": { "uv": [ 0, 0, 16, 16 ], "texture": "#all" },
				"up": { "uv": [ 0, 0, 16, 16 ], "texture": "#all" },
				"north": { "uv": [ 0, 0, 16, 16 ], "texture": "#all" },
				"south": { "uv": [ 0, 0, 16, 16 ], "texture": "#all" },
				"west": { "uv": [ 0, 0, 16, 16 ], "texture": "#all" },
				"east": { "uv": [ 0, 0, 16, 16 ], "texture": "#all" }
			}
		}
	]
}