{
	"__comment": "Designed by Jehkoba with BDcraft Cubik PRO 0.92 Beta - http://bdcraft.net",
	"parent": "block/block",
	"textures": {
		"particle": "block/bookshelf",
		"texture": "block/bookshelf",
		"Planks": "block/spruce_planks"
	},
	"elements": [ 	 
		{
			"from": [ 0, 0, 0 ],
			"to": [ 16, 1, 16 ],
			"faces": {
				"down": { "uv": [ 16, 16, 0, 0 ], "texture": "#Planks" },
				"up": { "uv": [ 0, 0, 16, 16 ], "texture": "#Planks" },
				"north": { "uv": [ 0, 15, 16, 16 ], "texture": "#Planks" },
				"south": { "uv": [ 0, 15, 16, 16 ], "texture": "#Planks" },
				"west": { "uv": [ 0, 15, 16, 16 ], "texture": "#Planks" },
				"east": { "uv": [ 0, 15, 16, 16 ], "texture": "#Planks" }
			}
		},
		{
			"from": [ 0.5, 1, 0.5 ],
			"to": [ 15.5, 7, 15.5 ],
			"faces": {
				"down": { "uv": [ 1, 1, 2, 2 ], "texture": "#texture" },
				"up": { "uv": [ 1, 1, 2, 2 ], "texture": "#texture" },
				"north": { "uv": [ 1, 1, 2, 2 ], "texture": "#texture" },
				"south": { "uv": [ 1, 1, 2, 2 ], "texture": "#texture" },
				"west": { "uv": [ 1, 1, 2, 2 ], "texture": "#texture" },
				"east": { "uv": [ 1, 1, 2, 2 ], "texture": "#texture" }
			}
		},
		{
			"from": [ 13, 1, 0 ],
			"to": [ 15, 6, 16 ],
			"faces": {
				"down": { "uv": [ 15, 15, 13, 14 ], "texture": "#texture" },
				"up": { "uv": [ 13, 3, 14, 4 ], "texture": "#texture" },
				"north": { "uv": [ 15, 10, 13, 15 ], "texture": "#texture" },
				"south": { "uv": [ 13, 10, 15, 15 ], "texture": "#texture" },
				"west": { "uv": [ 13, 10, 14, 15 ], "texture": "#texture" },
				"east": { "uv": [ 15, 10, 14, 15 ], "texture": "#texture" }
			}
		},
		{
			"from": [ 11, 1, -0.5 ],
			"to": [ 13, 5, 16.5 ],
			"faces": {
				"down": { "uv": [ 12, 3, 13, 4 ], "texture": "#texture" },
				"up": { "uv": [ 12, 3, 13, 4 ], "texture": "#texture" },
				"north": { "uv": [ 13, 11, 11, 15 ], "texture": "#texture" },
				"south": { "uv": [ 11, 11, 13, 15 ], "texture": "#texture" },
				"west": { "uv": [ 11, 11, 12, 15 ], "texture": "#texture" },
				"east": { "uv": [ 13, 11, 12, 15 ], "texture": "#texture" }
			}
		},
		{
			"from": [ 8, 1, 0 ],
			"to": [ 10, 6, 16 ],
			"faces": {
				"down": { "uv": [ 10, 15, 8, 14 ], "texture": "#texture" },
				"up": { "uv": [ 13, 3, 14, 4 ], "texture": "#texture" },
				"north": { "uv": [ 10, 10, 8, 15 ], "texture": "#texture" },
				"south": { "uv": [ 8, 10, 10, 15 ], "texture": "#texture" },
				"west": { "uv": [ 8, 10, 9, 15 ], "texture": "#texture" },
				"east": { "uv": [ 10, 10, 9, 15 ], "texture": "#texture" }
			}
		},
		{
			"from": [ 6, 1, -0.5 ],
			"to": [ 8, 6, 16.5 ],
			"faces": {
				"down": { "uv": [ 12, 3, 13, 4 ], "texture": "#texture" },
				"up": { "uv": [ 12, 3, 13, 4 ], "texture": "#texture" },
				"north": { "uv": [ 8, 10, 6, 15 ], "texture": "#texture" },
				"south": { "uv": [ 6, 10, 8, 15 ], "texture": "#texture" },
				"west": { "uv": [ 6, 10, 7, 15 ], "texture": "#texture" },
				"east": { "uv": [ 8, 10, 7, 15 ], "texture": "#texture" }
			}
		},
		{
			"from": [ 3, 1, 0 ],
			"to": [ 5, 6, 16 ],
			"faces": {
				"down": { "uv": [ 5, 15, 3, 14 ], "texture": "#texture" },
				"up": { "uv": [ 13, 3, 14, 4 ], "texture": "#texture" },
				"north": { "uv": [ 5, 10, 3, 15 ], "texture": "#texture" },
				"south": { "uv": [ 3, 10, 5, 15 ], "texture": "#texture" },
				"west": { "uv": [ 3, 10, 4, 15 ], "texture": "#texture" },
				"east": { "uv": [ 5, 10, 4, 15 ], "texture": "#texture" }
			}
		},
		{
			"from": [ 1, 1, -0.5 ],
			"to": [ 3, 5, 16.5 ],
			"faces": {
				"down": { "uv": [ 12, 3, 13, 4 ], "texture": "#texture" },
				"up": { "uv": [ 12, 3, 13, 4 ], "texture": "#texture" },
				"north": { "uv": [ 3, 11, 1, 15 ], "texture": "#texture" },
				"south": { "uv": [ 1, 11, 3, 15 ], "texture": "#texture" },
				"west": { "uv": [ 1, 11, 2, 15 ], "texture": "#texture" },
				"east": { "uv": [ 3, 11, 2, 15 ], "texture": "#texture" }
			}
		},
		{
			"from": [ 0, 1, 1 ],
			"to": [ 16, 5, 3 ],
			"faces": {
				"down": { "uv": [ 2, 13, 3, 15 ], "texture": "#texture" },
				"up": { "uv": [ 13, 3, 14, 4 ], "texture": "#texture" },
				"north": { "uv": [ 1, 11, 3, 15 ], "texture": "#texture" },
				"south": { "uv": [ 1, 11, 3, 15 ], "texture": "#texture" },
				"west": { "uv": [ 1, 11, 2, 15 ], "texture": "#texture" },
				"east": { "uv": [ 2, 11, 3, 15 ], "texture": "#texture" }
			}
		},
		{
			"from": [ -0.5, 1, 3 ],
			"to": [ 16.5, 6, 5 ],
			"faces": {
				"down": { "uv": [ 12, 3, 13, 4 ], "texture": "#texture" },
				"up": { "uv": [ 12, 3, 13, 4 ], "texture": "#texture" },
				"north": { "uv": [ 4, 10, 3, 15 ], "texture": "#texture" },
				"south": { "uv": [ 4, 10, 5, 15 ], "texture": "#texture" },
				"west": { "uv": [ 3, 10, 5, 15 ], "texture": "#texture" },
				"east": { "uv": [ 5, 10, 3, 15 ], "texture": "#texture" }
			}
		},
		{
			"from": [ 0, 1, 6 ],
			"to": [ 16, 6, 8 ],
			"faces": {
				"down": { "uv": [ 8, 14, 7, 12 ], "texture": "#texture" },
				"up": { "uv": [ 13, 3, 14, 4 ], "texture": "#texture" },
				"north": { "uv": [ 7, 10, 6, 15 ], "texture": "#texture" },
				"south": { "uv": [ 7, 10, 8, 15 ], "texture": "#texture" },
				"west": { "uv": [ 6, 10, 8, 15 ], "texture": "#texture" },
				"east": { "uv": [ 8, 10, 6, 15 ], "texture": "#texture" }
			}
		},
		{
			"from": [ -0.5, 1, 8 ],
			"to": [ 16.5, 6, 10 ],
			"faces": {
				"down": { "uv": [ 12, 3, 13, 4 ], "texture": "#texture" },
				"up": { "uv": [ 12, 3, 13, 4 ], "texture": "#texture" },
				"north": { "uv": [ 9, 10, 8, 15 ], "texture": "#texture" },
				"south": { "uv": [ 9, 10, 10, 15 ], "texture": "#texture" },
				"west": { "uv": [ 8, 10, 10, 15 ], "texture": "#texture" },
				"east": { "uv": [ 10, 10, 8, 15 ], "texture": "#texture" }
			}
		},
		{
			"from": [ 0, 1, 11 ],
			"to": [ 16, 5, 13 ],
			"faces": {
				"down": { "uv": [ 13, 15, 12, 13 ], "texture": "#texture" },
				"up": { "uv": [ 13, 3, 14, 4 ], "texture": "#texture" },
				"north": { "uv": [ 12, 11, 11, 15 ], "texture": "#texture" },
				"south": { "uv": [ 12, 11, 13, 15 ], "texture": "#texture" },
				"west": { "uv": [ 11, 11, 13, 15 ], "texture": "#texture" },
				"east": { "uv": [ 13, 11, 11, 15 ], "texture": "#texture" }
			}
		},
		{
			"from": [ -0.5, 1, 13 ],
			"to": [ 16.5, 6, 15 ],
			"faces": {
				"down": { "uv": [ 12, 3, 13, 4 ], "texture": "#texture" },
				"up": { "uv": [ 12, 3, 13, 4 ], "texture": "#texture" },
				"north": { "uv": [ 13, 10, 15, 15 ], "texture": "#texture" },
				"south": { "uv": [ 13, 10, 15, 15 ], "texture": "#texture" },
				"west": { "uv": [ 13, 10, 15, 15 ], "texture": "#texture" },
				"east": { "uv": [ 13, 10, 15, 15 ], "texture": "#texture" }
			}
		},
		{
			"from": [ 0, 7, 0 ],
			"to": [ 16, 8, 16 ],
			"faces": {
				"down": { "uv": [ 16, 16, 0, 0 ], "texture": "#Planks" },
				"up": { "uv": [ 0, 0, 16, 16 ], "texture": "#Planks" },
				"north": { "uv": [ 0, 8, 16, 9 ], "texture": "#Planks" },
				"south": { "uv": [ 0, 8, 16, 9 ], "texture": "#Planks" },
				"west": { "uv": [ 0, 8, 16, 9 ], "texture": "#Planks" },
				"east": { "uv": [ 0, 8, 16, 9 ], "texture": "#Planks" }
			}
		},
		{
			"from": [ 0, 8, 0 ],
			"to": [ 16, 9, 16 ],
			"faces": {
				"down": { "uv": [ 16, 16, 0, 0 ], "texture": "#Planks" },
				"up": { "uv": [ 0, 0, 16, 16 ], "texture": "#Planks" },
				"north": { "uv": [ 0, 6, 16, 7 ], "texture": "#Planks" },
				"south": { "uv": [ 0, 6, 16, 7 ], "texture": "#Planks" },
				"west": { "uv": [ 0, 6, 16, 7 ], "texture": "#Planks" },
				"east": { "uv": [ 0, 6, 16, 7 ], "texture": "#Planks" }
			}
		},
		{
			"from": [ 2, 9, -0.5 ],
			"to": [ 4, 14, 16.5 ],
			"faces": {
				"down": { "uv": [ 12, 3, 13, 4 ], "texture": "#texture" },
				"up": { "uv": [ 12, 3, 13, 4 ], "texture": "#texture" },
				"north": { "uv": [ 2, 2, 4, 7 ], "texture": "#texture" },
				"south": { "uv": [ 2, 2, 4, 7 ], "texture": "#texture" },
				"west": { "uv": [ 3, 2, 4, 7 ], "texture": "#texture" },
				"east": { "uv": [ 2, 2, 3, 7 ], "texture": "#texture" }
			}
		},
		{
			"from": [ 5, 9, 0 ],
			"to": [ 7, 14, 16 ],
			"faces": {
				"down": { "uv": [ 7, 7, 5, 6 ], "texture": "#texture" },
				"up": { "uv": [ 13, 3, 14, 4 ], "texture": "#texture" },
				"north": { "uv": [ 5, 2, 7, 7 ], "texture": "#texture" },
				"south": { "uv": [ 5, 2, 7, 7 ], "texture": "#texture" },
				"west": { "uv": [ 6, 2, 7, 7 ], "texture": "#texture" },
				"east": { "uv": [ 5, 2, 6, 7 ], "texture": "#texture" }
			}
		},
		{
			"from": [ 12, 9, -0.5 ],
			"to": [ 14, 14, 16.5 ],
			"faces": {
				"down": { "uv": [ 12, 3, 13, 4 ], "texture": "#texture" },
				"up": { "uv": [ 12, 3, 13, 4 ], "texture": "#texture" },
				"north": { "uv": [ 12, 2, 14, 7 ], "texture": "#texture" },
				"south": { "uv": [ 12, 2, 14, 7 ], "texture": "#texture" },
				"west": { "uv": [ 13, 2, 14, 7 ], "texture": "#texture" },
				"east": { "uv": [ 12, 2, 13, 7 ], "texture": "#texture" }
			}
		},
		{
			"from": [ 7, 9, -0.5 ],
			"to": [ 9, 13, 16.5 ],
			"faces": {
				"down": { "uv": [ 12, 3, 13, 4 ], "texture": "#texture" },
				"up": { "uv": [ 12, 3, 13, 4 ], "texture": "#texture" },
				"north": { "uv": [ 7, 3, 9, 7 ], "texture": "#texture" },
				"south": { "uv": [ 7, 3, 9, 7 ], "texture": "#texture" },
				"west": { "uv": [ 8, 3, 9, 7 ], "texture": "#texture" },
				"east": { "uv": [ 7, 3, 8, 7 ], "texture": "#texture" }
			}
		},
		{
			"from": [ 10, 9, 0 ],
			"to": [ 12, 13, 16 ],
			"faces": {
				"down": { "uv": [ 12, 6.5, 10, 5.5 ], "texture": "#texture" },
				"up": { "uv": [ 13, 3, 14, 4 ], "texture": "#texture" },
				"north": { "uv": [ 10, 3, 12, 7 ], "texture": "#texture" },
				"south": { "uv": [ 10, 3, 12, 7 ], "texture": "#texture" },
				"west": { "uv": [ 11, 3, 12, 7 ], "texture": "#texture" },
				"east": { "uv": [ 10, 3, 11, 7 ], "texture": "#texture" }
			}
		},
		{
			"from": [ 0, 9, 2 ],
			"to": [ 16, 14, 4 ],
			"faces": {
				"down": { "uv": [ 4, 7, 3, 5 ], "texture": "#texture" },
				"up": { "uv": [ 13, 3, 14, 4 ], "texture": "#texture" },
				"north": { "uv": [ 3, 2, 4, 7 ], "texture": "#texture" },
				"south": { "uv": [ 2, 2, 3, 7 ], "texture": "#texture" },
				"west": { "uv": [ 2, 2, 4, 7 ], "texture": "#texture" },
				"east": { "uv": [ 2, 2, 4, 7 ], "texture": "#texture" }
			}
		},
		{
			"from": [ -0.5, 9, 5 ],
			"to": [ 16.5, 14, 7 ],
			"faces": {
				"down": { "uv": [ 12, 3, 13, 4 ], "texture": "#texture" },
				"up": { "uv": [ 12, 3, 13, 4 ], "texture": "#texture" },
				"north": { "uv": [ 6, 2, 7, 7 ], "texture": "#texture" },
				"south": { "uv": [ 5, 2, 6, 7 ], "texture": "#texture" },
				"west": { "uv": [ 5, 2, 7, 7 ], "texture": "#texture" },
				"east": { "uv": [ 5, 2, 7, 7 ], "texture": "#texture" }
			}
		},
		{
			"from": [ 0, 9, 12 ],
			"to": [ 16, 14, 14 ],
			"faces": {
				"down": { "uv": [ 14, 7, 13, 5 ], "texture": "#texture" },
				"up": { "uv": [ 13, 3, 14, 4 ], "texture": "#texture" },
				"north": { "uv": [ 13, 2, 14, 7 ], "texture": "#texture" },
				"south": { "uv": [ 12, 2, 13, 7 ], "texture": "#texture" },
				"west": { "uv": [ 12, 2, 14, 7 ], "texture": "#texture" },
				"east": { "uv": [ 12, 2, 14, 7 ], "texture": "#texture" }
			}
		},
		{
			"from": [ 0, 9, 7 ],
			"to": [ 16, 13, 9 ],
			"faces": {
				"down": { "uv": [ 9, 7, 8, 5 ], "texture": "#texture" },
				"up": { "uv": [ 13, 3, 14, 4 ], "texture": "#texture" },
				"north": { "uv": [ 8, 3, 9, 7 ], "texture": "#texture" },
				"south": { "uv": [ 7, 3, 8, 7 ], "texture": "#texture" },
				"west": { "uv": [ 7, 3, 9, 7 ], "texture": "#texture" },
				"east": { "uv": [ 7, 3, 9, 7 ], "texture": "#texture" }
			}
		},
		{
			"from": [ -0.5, 9, 10 ],
			"to": [ 16.5, 13, 12 ],
			"faces": {
				"down": { "uv": [ 12, 3, 13, 4 ], "texture": "#texture" },
				"up": { "uv": [ 12, 3, 13, 4 ], "texture": "#texture" },
				"north": { "uv": [ 11, 3, 12, 7 ], "texture": "#texture" },
				"south": { "uv": [ 10, 3, 11, 7 ], "texture": "#texture" },
				"west": { "uv": [ 10, 3, 12, 7 ], "texture": "#texture" },
				"east": { "uv": [ 10, 3, 12, 7 ], "texture": "#texture" }
			}
		},
		{
			"from": [ 0.5, 9, 0.5 ],
			"to": [ 15.5, 15, 15.5 ],
			"faces": {
				"down": { "uv": [ 1, 1, 2, 2 ], "texture": "#texture" },
				"up": { "uv": [ 1, 1, 2, 2 ], "texture": "#texture" },
				"north": { "uv": [ 1, 1, 2, 2 ], "texture": "#texture" },
				"south": { "uv": [ 1, 1, 2, 2 ], "texture": "#texture" },
				"west": { "uv": [ 1, 1, 2, 2 ], "texture": "#texture" },
				"east": { "uv": [ 1, 1, 2, 2 ], "texture": "#texture" }
			}
		},
		{
			"from": [ 0, 1, 15 ],
			"to": [ 1, 7, 16 ],
			"faces": {
				"down": { "uv": [ 16, 16, 15, 15 ], "texture": "#Planks" },
				"up": { "uv": [ 0, 15, 1, 16 ], "texture": "#Planks" },
				"north": { "uv": [ 15, 9, 16, 15 ], "texture": "#Planks" },
				"south": { "uv": [ 0, 9, 1, 15 ], "texture": "#Planks" },
				"west": { "uv": [ 15, 9, 16, 15 ], "texture": "#Planks" },
				"east": { "uv": [ 0, 9, 1, 15 ], "texture": "#Planks" }
			}
		},
		{
			"from": [ 0, 15, 0 ],
			"to": [ 16, 16, 16 ],
			"faces": {
				"down": { "uv": [ 16, 16, 0, 0 ], "texture": "#Planks" },
				"up": { "uv": [ 0, 0, 16, 16 ], "texture": "#Planks" },
				"north": { "uv": [ 0, 6, 16, 7 ], "texture": "#Planks" },
				"south": { "uv": [ 0, 6, 16, 7 ], "texture": "#Planks" },
				"west": { "uv": [ 0, 6, 16, 7 ], "texture": "#Planks" },
				"east": { "uv": [ 0, 6, 16, 7 ], "texture": "#Planks" }
			}
		},
		{
			"from": [ 0, 1, 0 ],
			"to": [ 1, 7, 1 ],
			"faces": {
				"down": { "uv": [ 16, 1, 15, 0 ], "texture": "#Planks" },
				"up": { "uv": [ 0, 0, 1, 1 ], "texture": "#Planks" },
				"north": { "uv": [ 15, 9, 16, 15 ], "texture": "#Planks" },
				"south": { "uv": [ 0, 9, 1, 15 ], "texture": "#Planks" },
				"west": { "uv": [ 0, 9, 1, 15 ], "texture": "#Planks" },
				"east": { "uv": [ 15, 9, 16, 15 ], "texture": "#Planks" }
			}
		},
		{
			"from": [ 15, 1, 0 ],
			"to": [ 16, 7, 1 ],
			"faces": {
				"down": { "uv": [ 1, 1, 0, 0 ], "texture": "#Planks" },
				"up": { "uv": [ 15, 0, 16, 1 ], "texture": "#Planks" },
				"north": { "uv": [ 0, 9, 1, 15 ], "texture": "#Planks" },
				"south": { "uv": [ 15, 9, 16, 15 ], "texture": "#Planks" },
				"west": { "uv": [ 0, 9, 1, 15 ], "texture": "#Planks" },
				"east": { "uv": [ 15, 9, 16, 15 ], "texture": "#Planks" }
			}
		},
		{
			"from": [ 15, 1, 15 ],
			"to": [ 16, 7, 16 ],
			"faces": {
				"down": { "uv": [ 1, 16, 0, 15 ], "texture": "#Planks" },
				"up": { "uv": [ 15, 15, 16, 16 ], "texture": "#Planks" },
				"north": { "uv": [ 0, 9, 1, 15 ], "texture": "#Planks" },
				"south": { "uv": [ 15, 9, 16, 15 ], "texture": "#Planks" },
				"west": { "uv": [ 15, 9, 16, 15 ], "texture": "#Planks" },
				"east": { "uv": [ 0, 9, 1, 15 ], "texture": "#Planks" }
			}
		},
		{
			"from": [ 0, 9, 0 ],
			"to": [ 1, 15, 1 ],
			"faces": {
				"down": { "uv": [ 16, 1, 15, 0 ], "texture": "#Planks" },
				"up": { "uv": [ 0, 0, 1, 1 ], "texture": "#Planks" },
				"north": { "uv": [ 15, 1, 16, 7 ], "texture": "#Planks" },
				"south": { "uv": [ 0, 1, 1, 7 ], "texture": "#Planks" },
				"west": { "uv": [ 0, 1, 1, 7 ], "texture": "#Planks" },
				"east": { "uv": [ 15, 1, 16, 7 ], "texture": "#Planks" }
			}
		},
		{
			"from": [ 15, 9, 0 ],
			"to": [ 16, 15, 1 ],
			"faces": {
				"down": { "uv": [ 1, 1, 0, 0 ], "texture": "#Planks" },
				"up": { "uv": [ 15, 0, 16, 1 ], "texture": "#Planks" },
				"north": { "uv": [ 0, 1, 1, 7 ], "texture": "#Planks" },
				"south": { "uv": [ 15, 1, 16, 7 ], "texture": "#Planks" },
				"west": { "uv": [ 0, 1, 1, 7 ], "texture": "#Planks" },
				"east": { "uv": [ 15, 1, 16, 7 ], "texture": "#Planks" }
			}
		},
		{
			"from": [ 15, 9, 15 ],
			"to": [ 16, 15, 16 ],
			"faces": {
				"down": { "uv": [ 1, 16, 0, 15 ], "texture": "#Planks" },
				"up": { "uv": [ 15, 15, 16, 16 ], "texture": "#Planks" },
				"north": { "uv": [ 0, 1, 1, 7 ], "texture": "#Planks" },
				"south": { "uv": [ 15, 1, 16, 7 ], "texture": "#Planks" },
				"west": { "uv": [ 15, 1, 16, 7 ], "texture": "#Planks" },
				"east": { "uv": [ 0, 1, 1, 7 ], "texture": "#Planks" }
			}
		},
		{
			"from": [ 0, 9, 15 ],
			"to": [ 1, 15, 16 ],
			"faces": {
				"down": { "uv": [ 16, 16, 15, 15 ], "texture": "#Planks" },
				"up": { "uv": [ 0, 15, 1, 16 ], "texture": "#Planks" },
				"north": { "uv": [ 15, 1, 16, 7 ], "texture": "#Planks" },
				"south": { "uv": [ 0, 1, 1, 7 ], "texture": "#Planks" },
				"west": { "uv": [ 15, 1, 16, 7 ], "texture": "#Planks" },
				"east": { "uv": [ 0, 1, 1, 7 ], "texture": "#Planks" }
			}
		}
	]
}