{
	"__comment": "Designed by Jehkoba with BDcraft Cubik PRO 0.93 Beta - http://bdcraft.net",
	"parent": "block/block",
	"textures": {
		"particle": "block/brown_mushroom",
		"texture": "block/brown_mushroom"
	},
	"elements": [ 	 
		{
			"from": [ 7, 0, 7 ],
			"to": [ 9, 3, 9 ],
			"faces": {
				"down": { "uv": [ 9, 16, 7, 14 ], "texture": "#texture" },
				"north": { "uv": [ 7, 13, 9, 16 ], "texture": "#texture" },
				"south": { "uv": [ 7, 13, 9, 16 ], "texture": "#texture" },
				"west": { "uv": [ 7, 13, 9, 16 ], "texture": "#texture" },
				"east": { "uv": [ 7, 13, 9, 16 ], "texture": "#texture" }
			}
		},
		{
			"from": [ 5, 3, 5 ],
			"to": [ 11, 5, 11 ],
			"faces": {
				"down": { "uv": [ 9, 13, 7, 11 ], "texture": "#texture" },
				"up": { "uv": [ 5, 11, 7, 13 ], "texture": "#texture" },
				"north": { "uv": [ 5, 11, 11, 13 ], "texture": "#texture" },
				"south": { "uv": [ 5, 11, 11, 13 ], "texture": "#texture" },
				"west": { "uv": [ 5, 11, 11, 13 ], "texture": "#texture" },
				"east": { "uv": [ 5, 11, 11, 13 ], "texture": "#texture" }
			}
		},
		{
			"from": [ 6.5, 6, 6.5 ],
			"to": [ 9.5, 7, 9.5 ],
			"faces": {
				"up": { "uv": [ 6, 9, 8, 11 ], "texture": "#texture" },
				"north": { "uv": [ 6, 9, 10, 10 ], "texture": "#texture" },
				"south": { "uv": [ 6, 9, 10, 10 ], "texture": "#texture" },
				"west": { "uv": [ 6, 9, 10, 10 ], "texture": "#texture" },
				"east": { "uv": [ 6, 9, 10, 10 ], "texture": "#texture" }
			}
		},
		{
			"from": [ 5.5, 5, 5.5 ],
			"to": [ 10.5, 6, 10.5 ],
			"faces": {
				"up": { "uv": [ 5, 10, 7, 12 ], "texture": "#texture" },
				"north": { "uv": [ 5, 10, 10, 11 ], "texture": "#texture" },
				"south": { "uv": [ 5, 10, 10, 11 ], "texture": "#texture" },
				"west": { "uv": [ 5, 10, 10, 11 ], "texture": "#texture" },
				"east": { "uv": [ 5, 10, 10, 11 ], "texture": "#texture" }
			}
		}
	]
}