{
	"__comment": "Designed by Jehkoba with BDcraft Cubik PRO 0.93 Beta - http://bdcraft.net",
	"parent": "block/block",
	"textures": {
		"particle": "block/coarse_dirt",
		"texture": "block/coarse_dirt"
	},
	"elements": [ 	 
		{
			"from": [ 0, 0, 0 ],
			"to": [ 16, 16, 16 ],
			"faces": {
				"down": { "uv": [ 16, 16, 0, 0 ], "texture": "#texture" },
				"up": { "uv": [ 0, 0, 16, 16 ], "texture": "#texture" },
				"north": { "uv": [ 16, 0, 0, 16 ], "texture": "#texture" },
				"south": { "uv": [ 0, 0, 16, 16 ], "texture": "#texture" },
				"west": { "uv": [ 0, 0, 16, 16 ], "texture": "#texture" },
				"east": { "uv": [ 16, 0, 0, 16 ], "texture": "#texture" }
			}
		},
		{
			"from": [ 4, -0.5, 11 ],
			"to": [ 6, 0.5, 13 ],
			"faces": {
				"down": { "uv": [ 12, 13, 10, 11 ], "texture": "#texture" },
				"north": { "uv": [ 10, 12, 12, 13 ], "texture": "#texture" },
				"south": { "uv": [ 10, 12, 12, 13 ], "texture": "#texture" },
				"west": { "uv": [ 10, 12, 12, 13 ], "texture": "#texture" },
				"east": { "uv": [ 10, 12, 12, 13 ], "texture": "#texture" }
			}
		},
		{
			"from": [ 11, -0.5, 3 ],
			"to": [ 13, 0.5, 5 ],
			"faces": {
				"down": { "uv": [ 12, 13, 10, 11 ], "texture": "#texture" },
				"north": { "uv": [ 10, 12, 12, 13 ], "texture": "#texture" },
				"south": { "uv": [ 10, 12, 12, 13 ], "texture": "#texture" },
				"west": { "uv": [ 10, 12, 12, 13 ], "texture": "#texture" },
				"east": { "uv": [ 10, 12, 12, 13 ], "texture": "#texture" }
			}
		},
		{
			"from": [ 10, 15.5, 11 ],
			"to": [ 12, 16.5, 13 ],
			"faces": {
				"up": { "uv": [ 10, 11, 12, 13 ], "texture": "#texture" },
				"north": { "uv": [ 10, 12, 12, 13 ], "texture": "#texture" },
				"south": { "uv": [ 10, 12, 12, 13 ], "texture": "#texture" },
				"west": { "uv": [ 10, 12, 12, 13 ], "texture": "#texture" },
				"east": { "uv": [ 10, 12, 12, 13 ], "texture": "#texture" }
			}
		},
		{
			"from": [ 3, 15.5, 3 ],
			"to": [ 5, 16.5, 5 ],
			"faces": {
				"up": { "uv": [ 10, 11, 12, 13 ], "texture": "#texture" },
				"north": { "uv": [ 10, 12, 12, 13 ], "texture": "#texture" },
				"south": { "uv": [ 10, 12, 12, 13 ], "texture": "#texture" },
				"west": { "uv": [ 10, 12, 12, 13 ], "texture": "#texture" },
				"east": { "uv": [ 10, 12, 12, 13 ], "texture": "#texture" }
			}
		},
		{
			"from": [ -0.5, 11, 3 ],
			"to": [ 16.5, 13, 5 ],
			"faces": {
				"down": { "uv": [ 5, 5, 4, 3 ], "texture": "#texture" },
				"up": { "uv": [ 4, 3, 5, 5 ], "texture": "#texture" },
				"north": { "uv": [ 4, 3, 5, 5 ], "texture": "#texture" },
				"south": { "uv": [ 4, 3, 5, 5 ], "texture": "#texture" },
				"west": { "uv": [ 3, 3, 5, 5 ], "texture": "#texture" },
				"east": { "uv": [ 3, 3, 5, 5 ], "texture": "#texture" }
			}
		},
		{
			"from": [ -0.5, 3, 10 ],
			"to": [ 16.5, 5, 12 ],
			"faces": {
				"down": { "uv": [ 5, 5, 4, 3 ], "texture": "#texture" },
				"up": { "uv": [ 4, 3, 5, 5 ], "texture": "#texture" },
				"north": { "uv": [ 4, 3, 5, 5 ], "texture": "#texture" },
				"south": { "uv": [ 4, 3, 5, 5 ], "texture": "#texture" },
				"west": { "uv": [ 3, 3, 5, 5 ], "texture": "#texture" },
				"east": { "uv": [ 3, 3, 5, 5 ], "texture": "#texture" }
			}
		},
		{
			"from": [ 10, 3, -0.5 ],
			"to": [ 12, 5, 16.5 ],
			"faces": {
				"down": { "uv": [ 5, 5, 3, 4 ], "texture": "#texture" },
				"up": { "uv": [ 3, 4, 5, 5 ], "texture": "#texture" },
				"north": { "uv": [ 3, 3, 5, 5 ], "texture": "#texture" },
				"south": { "uv": [ 3, 3, 5, 5 ], "texture": "#texture" },
				"west": { "uv": [ 4, 3, 5, 5 ], "texture": "#texture" },
				"east": { "uv": [ 4, 3, 5, 5 ], "texture": "#texture" }
			}
		},
		{
			"from": [ 3, 11, -0.5 ],
			"to": [ 5, 13, 16.5 ],
			"faces": {
				"down": { "uv": [ 5, 5, 3, 4 ], "texture": "#texture" },
				"up": { "uv": [ 3, 4, 5, 5 ], "texture": "#texture" },
				"north": { "uv": [ 3, 3, 5, 5 ], "texture": "#texture" },
				"south": { "uv": [ 3, 3, 5, 5 ], "texture": "#texture" },
				"west": { "uv": [ 4, 3, 5, 5 ], "texture": "#texture" },
				"east": { "uv": [ 4, 3, 5, 5 ], "texture": "#texture" }
			}
		},
		{
			"from": [ 14, -0.5, 12 ],
			"to": [ 15, 0.5, 13 ],
			"faces": {
				"down": { "uv": [ 2, 13, 1, 12 ], "texture": "#texture" },
				"north": { "uv": [ 1, 12, 2, 13 ], "texture": "#texture" },
				"south": { "uv": [ 1, 12, 2, 13 ], "texture": "#texture" },
				"west": { "uv": [ 1, 12, 2, 13 ], "texture": "#texture" },
				"east": { "uv": [ 1, 12, 2, 13 ], "texture": "#texture" }
			}
		},
		{
			"from": [ 3, -0.5, 7 ],
			"to": [ 4, 0.5, 8 ],
			"faces": {
				"down": { "uv": [ 2, 4, 1, 3 ], "texture": "#texture" },
				"north": { "uv": [ 1, 3, 2, 4 ], "texture": "#texture" },
				"south": { "uv": [ 1, 3, 2, 4 ], "texture": "#texture" },
				"west": { "uv": [ 1, 3, 2, 4 ], "texture": "#texture" },
				"east": { "uv": [ 1, 3, 2, 4 ], "texture": "#texture" }
			}
		},
		{
			"from": [ 12, 8, -0.5 ],
			"to": [ 13, 9, 16.5 ],
			"faces": {
				"down": { "uv": [ 13, 8, 12, 7 ], "texture": "#texture" },
				"up": { "uv": [ 12, 7, 13, 8 ], "texture": "#texture" },
				"north": { "uv": [ 12, 7, 13, 8 ], "texture": "#texture" },
				"south": { "uv": [ 12, 7, 13, 8 ], "texture": "#texture" },
				"west": { "uv": [ 12, 7, 13, 8 ], "texture": "#texture" },
				"east": { "uv": [ 12, 7, 13, 8 ], "texture": "#texture" }
			}
		},
		{
			"from": [ 1, 3, -0.5 ],
			"to": [ 2, 4, 16.5 ],
			"faces": {
				"down": { "uv": [ 2, 13, 1, 12 ], "texture": "#texture" },
				"up": { "uv": [ 1, 12, 2, 13 ], "texture": "#texture" },
				"north": { "uv": [ 1, 12, 2, 13 ], "texture": "#texture" },
				"south": { "uv": [ 1, 12, 2, 13 ], "texture": "#texture" },
				"west": { "uv": [ 1, 12, 2, 13 ], "texture": "#texture" },
				"east": { "uv": [ 1, 12, 2, 13 ], "texture": "#texture" }
			}
		},
		{
			"from": [ -0.5, 3, 1 ],
			"to": [ 16.5, 4, 2 ],
			"faces": {
				"down": { "uv": [ 2, 13, 1, 12 ], "texture": "#texture" },
				"up": { "uv": [ 1, 12, 2, 13 ], "texture": "#texture" },
				"north": { "uv": [ 1, 12, 2, 13 ], "texture": "#texture" },
				"south": { "uv": [ 1, 12, 2, 13 ], "texture": "#texture" },
				"west": { "uv": [ 1, 12, 2, 13 ], "texture": "#texture" },
				"east": { "uv": [ 1, 12, 2, 13 ], "texture": "#texture" }
			}
		},
		{
			"from": [ -0.5, 8, 12 ],
			"to": [ 16.5, 9, 13 ],
			"faces": {
				"down": { "uv": [ 13, 8, 12, 7 ], "texture": "#texture" },
				"up": { "uv": [ 12, 7, 13, 8 ], "texture": "#texture" },
				"north": { "uv": [ 12, 7, 13, 8 ], "texture": "#texture" },
				"south": { "uv": [ 12, 7, 13, 8 ], "texture": "#texture" },
				"west": { "uv": [ 12, 7, 13, 8 ], "texture": "#texture" },
				"east": { "uv": [ 12, 7, 13, 8 ], "texture": "#texture" }
			}
		},
		{
			"from": [ 1, 15.5, 12 ],
			"to": [ 2, 16.5, 13 ],
			"faces": {
				"up": { "uv": [ 1, 12, 2, 13 ], "texture": "#texture" },
				"north": { "uv": [ 1, 12, 2, 13 ], "texture": "#texture" },
				"south": { "uv": [ 1, 12, 2, 13 ], "texture": "#texture" },
				"west": { "uv": [ 1, 12, 2, 13 ], "texture": "#texture" },
				"east": { "uv": [ 1, 12, 2, 13 ], "texture": "#texture" }
			}
		},
		{
			"from": [ 12, 15.5, 7 ],
			"to": [ 13, 16.5, 8 ],
			"faces": {
				"up": { "uv": [ 12, 7, 13, 8 ], "texture": "#texture" },
				"north": { "uv": [ 12, 7, 13, 8 ], "texture": "#texture" },
				"south": { "uv": [ 12, 7, 13, 8 ], "texture": "#texture" },
				"west": { "uv": [ 12, 7, 13, 8 ], "texture": "#texture" },
				"east": { "uv": [ 12, 7, 13, 8 ], "texture": "#texture" }
			}
		}
	]
}