{
	"__comment": "Designed by Jehkoba with Cubik Studio - https://cubik.studio",
	"textures": {
		"particle": "block/dark_oak_door_bottom",
		"texture": "block/dark_oak_door_bottom"
	},
	"elements": [ 	 
		{
			"__comment": "Box1",
			"from": [ 0, 0, 0 ],
			"to": [ 3, 16, 4 ],
			"faces": {
				"down": { "uv": [ 0, 12, 3, 16 ], "texture": "#texture" },
				"up": { "uv": [ 0, 0, 3, 4 ], "texture": "#texture" },
				"north": { "uv": [ 13, 0, 16, 16 ], "texture": "#texture" },
				"south": { "uv": [ 0, 0, 3, 16 ], "texture": "#texture" },
				"west": { "uv": [ 0, 0, 4, 16 ], "texture": "#texture" },
				"east": { "uv": [ 12, 0, 16, 16 ], "texture": "#texture" }
			}
		},
		{
			"__comment": "Box2",
			"from": [ 0, 0, 12 ],
			"to": [ 3, 16, 16 ],
			"faces": {
				"down": { "uv": [ 0, 0, 3, 4 ], "texture": "#texture" },
				"up": { "uv": [ 0, 12, 3, 16 ], "texture": "#texture" },
				"north": { "uv": [ 13, 0, 16, 16 ], "texture": "#texture" },
				"south": { "uv": [ 0, 0, 3, 16 ], "texture": "#texture" },
				"west": { "uv": [ 12, 0, 16, 16 ], "texture": "#texture" },
				"east": { "uv": [ 0, 0, 4, 16 ], "texture": "#texture" }
			}
		},
		{
			"__comment": "Box3",
			"from": [ 0, 0, 4 ],
			"to": [ 3, 4, 6 ],
			"faces": {
				"down": { "uv": [ 0, 10, 3, 12 ], "texture": "#texture" },
				"up": { "uv": [ 0, 4, 3, 6 ], "texture": "#texture" },
				"north": { "uv": [ 13, 12, 16, 16 ], "texture": "#texture" },
				"south": { "uv": [ 0, 12, 3, 16 ], "texture": "#texture" },
				"west": { "uv": [ 4, 12, 6, 16 ], "texture": "#texture" },
				"east": { "uv": [ 10, 12, 12, 16 ], "texture": "#texture" }
			}
		},
		{
			"__comment": "Box5",
			"from": [ 0, 13, 4 ],
			"to": [ 3, 16, 6 ],
			"faces": {
				"down": { "uv": [ 0, 10, 3, 12 ], "texture": "#texture" },
				"up": { "uv": [ 0, 4, 3, 6 ], "texture": "#texture" },
				"north": { "uv": [ 13, 0, 16, 3 ], "texture": "#texture" },
				"south": { "uv": [ 0, 0, 3, 3 ], "texture": "#texture" },
				"west": { "uv": [ 4, 0, 6, 3 ], "texture": "#texture" },
				"east": { "uv": [ 10, 0, 12, 3 ], "texture": "#texture" }
			}
		},
		{
			"__comment": "Box6",
			"from": [ 0, 13, 10 ],
			"to": [ 3, 16, 12 ],
			"faces": {
				"down": { "uv": [ 0, 4, 3, 6 ], "texture": "#texture" },
				"up": { "uv": [ 0, 10, 3, 12 ], "texture": "#texture" },
				"north": { "uv": [ 13, 0, 16, 3 ], "texture": "#texture" },
				"south": { "uv": [ 0, 0, 3, 3 ], "texture": "#texture" },
				"west": { "uv": [ 10, 0, 12, 3 ], "texture": "#texture" },
				"east": { "uv": [ 4, 0, 6, 3 ], "texture": "#texture" }
			}
		},
		{
			"__comment": "Box7",
			"from": [ 0, 14, 6 ],
			"to": [ 3, 16, 10 ],
			"faces": {
				"down": { "uv": [ 0, 6, 3, 10 ], "texture": "#texture" },
				"up": { "uv": [ 0, 6, 3, 10 ], "texture": "#texture" },
				"north": { "uv": [ 13, 0, 16, 2 ], "texture": "#texture" },
				"south": { "uv": [ 0, 0, 3, 2 ], "texture": "#texture" },
				"west": { "uv": [ 6, 0, 10, 2 ], "texture": "#texture" },
				"east": { "uv": [ 6, 0, 10, 2 ], "texture": "#texture" }
			}
		},
		{
			"__comment": "Box8",
			"from": [ 0, 0, 10 ],
			"to": [ 3, 4, 12 ],
			"faces": {
				"down": { "uv": [ 0, 4, 3, 6 ], "texture": "#texture" },
				"up": { "uv": [ 0, 10, 3, 12 ], "texture": "#texture" },
				"north": { "uv": [ 13, 12, 16, 16 ], "texture": "#texture" },
				"south": { "uv": [ 0, 12, 3, 16 ], "texture": "#texture" },
				"west": { "uv": [ 10, 12, 12, 16 ], "texture": "#texture" },
				"east": { "uv": [ 4, 12, 6, 16 ], "texture": "#texture" }
			}
		},
		{
			"__comment": "Box9",
			"from": [ 0, 0, 6 ],
			"to": [ 3, 3, 10 ],
			"faces": {
				"down": { "uv": [ 0, 6, 3, 10 ], "texture": "#texture" },
				"up": { "uv": [ 0, 6, 3, 10 ], "texture": "#texture" },
				"north": { "uv": [ 13, 13, 16, 16 ], "texture": "#texture" },
				"south": { "uv": [ 0, 13, 3, 16 ], "texture": "#texture" },
				"west": { "uv": [ 6, 13, 10, 16 ], "texture": "#texture" },
				"east": { "uv": [ 6, 13, 10, 16 ], "texture": "#texture" }
			}
		},
		{
			"__comment": "Box10",
			"from": [ 0.5, 3, 4 ],
			"to": [ 2.5, 14, 12 ],
			"faces": {
				"down": { "uv": [ 0.5, 4, 2.5, 12 ], "texture": "#texture" },
				"up": { "uv": [ 0.5, 4, 2.5, 12 ], "texture": "#texture" },
				"north": { "uv": [ 13.5, 2, 15.5, 13 ], "texture": "#texture" },
				"south": { "uv": [ 0.5, 2, 2.5, 13 ], "texture": "#texture" },
				"west": { "uv": [ 4, 2, 12, 13 ], "texture": "#texture" },
				"east": { "uv": [ 4, 2, 12, 13 ], "texture": "#texture" }
			}
		},
		{
			"__comment": "Box11",
			"from": [ 0, 9, 5 ],
			"to": [ 3, 11, 7 ],
			"faces": {
				"down": { "uv": [ 0, 9, 3, 11 ], "texture": "#texture" },
				"up": { "uv": [ 0, 5, 3, 7 ], "texture": "#texture" },
				"north": { "uv": [ 13, 5, 16, 7 ], "texture": "#texture" },
				"south": { "uv": [ 0, 5, 3, 7 ], "texture": "#texture" },
				"west": { "uv": [ 5, 5, 7, 7 ], "texture": "#texture" },
				"east": { "uv": [ 9, 5, 11, 7 ], "texture": "#texture" }
			}
		},
		{
			"__comment": "Box11",
			"from": [ 0, 11, 7 ],
			"to": [ 3, 13, 9 ],
			"faces": {
				"down": { "uv": [ 0, 7, 3, 9 ], "texture": "#texture" },
				"up": { "uv": [ 0, 7, 3, 9 ], "texture": "#texture" },
				"north": { "uv": [ 13, 3, 16, 5 ], "texture": "#texture" },
				"south": { "uv": [ 0, 3, 3, 5 ], "texture": "#texture" },
				"west": { "uv": [ 7, 3, 9, 5 ], "texture": "#texture" },
				"east": { "uv": [ 7, 3, 9, 5 ], "texture": "#texture" }
			}
		},
		{
			"__comment": "Box11",
			"from": [ 0, 9, 9 ],
			"to": [ 3, 11, 11 ],
			"faces": {
				"down": { "uv": [ 0, 7, 3, 9 ], "texture": "#texture" },
				"up": { "uv": [ 0, 7, 3, 9 ], "texture": "#texture" },
				"north": { "uv": [ 13, 3, 16, 5 ], "texture": "#texture" },
				"south": { "uv": [ 0, 3, 3, 5 ], "texture": "#texture" },
				"west": { "uv": [ 7, 3, 9, 5 ], "texture": "#texture" },
				"east": { "uv": [ 7, 3, 9, 5 ], "texture": "#texture" }
			}
		},
		{
			"__comment": "Box11",
			"from": [ 0, 6, 5 ],
			"to": [ 3, 8, 7 ],
			"faces": {
				"down": { "uv": [ 0, 7, 3, 9 ], "texture": "#texture" },
				"up": { "uv": [ 0, 7, 3, 9 ], "texture": "#texture" },
				"north": { "uv": [ 13, 3, 16, 5 ], "texture": "#texture" },
				"south": { "uv": [ 0, 3, 3, 5 ], "texture": "#texture" },
				"west": { "uv": [ 7, 3, 9, 5 ], "texture": "#texture" },
				"east": { "uv": [ 7, 3, 9, 5 ], "texture": "#texture" }
			}
		},
		{
			"__comment": "Box11",
			"from": [ 0, 6, 9 ],
			"to": [ 3, 8, 11 ],
			"faces": {
				"down": { "uv": [ 0, 7, 3, 9 ], "texture": "#texture" },
				"up": { "uv": [ 0, 7, 3, 9 ], "texture": "#texture" },
				"north": { "uv": [ 13, 3, 16, 5 ], "texture": "#texture" },
				"south": { "uv": [ 0, 3, 3, 5 ], "texture": "#texture" },
				"west": { "uv": [ 7, 3, 9, 5 ], "texture": "#texture" },
				"east": { "uv": [ 7, 3, 9, 5 ], "texture": "#texture" }
			}
		},
		{
			"__comment": "Box11",
			"from": [ 0, 4, 7 ],
			"to": [ 3, 6, 9 ],
			"faces": {
				"down": { "uv": [ 0, 7, 3, 9 ], "texture": "#texture" },
				"up": { "uv": [ 0, 7, 3, 9 ], "texture": "#texture" },
				"north": { "uv": [ 13, 3, 16, 5 ], "texture": "#texture" },
				"south": { "uv": [ 0, 3, 3, 5 ], "texture": "#texture" },
				"west": { "uv": [ 7, 3, 9, 5 ], "texture": "#texture" },
				"east": { "uv": [ 7, 3, 9, 5 ], "texture": "#texture" }
			}
		}
	]
}