{
	"__comment": "Designed by Jehkoba with Cubik Studio - https://cubik.studio",
	"textures": {
		"particle": "block/dark_oak_fence",
		"texture": "block/dark_oak_fence"
	},
	"elements": [ 	 
		{
			"__comment": "Left-hand post",
			"from": [ 0, 0.5, 6.5 ],
			"to": [ 2, 15.5, 9.5 ],
			"faces": {
				"down": { "uv": [ 14, 11, 16, 14 ], "texture": "#texture" },
				"up": { "uv": [ 0, 8, 2, 11 ], "texture": "#texture" },
				"north": { "uv": [ 7, 1, 9, 16 ], "texture": "#texture" },
				"south": { "uv": [ 7, 1, 9, 16 ], "texture": "#texture" },
				"west": { "uv": [ 6, 1, 9, 16 ], "texture": "#texture", "cullface": "west" },
				"east": { "uv": [ 6, 1, 9, 16 ], "texture": "#texture" }
			}
		},
		{
			"__comment": "Right-hand post",
			"from": [ 14, 0.5, 6.5 ],
			"to": [ 16, 15.5, 9.5 ],
			"faces": {
				"down": { "uv": [ 14, 11, 16, 14 ], "texture": "#texture" },
				"up": { "uv": [ 0, 8, 2, 11 ], "texture": "#texture" },
				"north": { "uv": [ 7, 1, 9, 16 ], "texture": "#texture" },
				"south": { "uv": [ 7, 1, 9, 16 ], "texture": "#texture" },
				"west": { "uv": [ 6, 1, 9, 16 ], "texture": "#texture" },
				"east": { "uv": [ 6, 1, 9, 16 ], "texture": "#texture", "cullface": "east" }
			}
		},
		{
			"__comment": "Inner vertical post of left-hand gate door",
			"from": [ 0, 1, 13 ],
			"to": [ 2, 15, 15 ],
			"faces": {
				"down": { "uv": [ 0, 13, 2, 15 ], "texture": "#texture" },
				"up": { "uv": [ 14, 12, 16, 14 ], "texture": "#texture" },
				"north": { "uv": [ 7, 2, 9, 16 ], "texture": "#texture" },
				"south": { "uv": [ 7, 2, 9, 16 ], "texture": "#texture" },
				"west": { "uv": [ 7, 2, 9, 16 ], "texture": "#texture" },
				"east": { "uv": [ 7, 2, 9, 16 ], "texture": "#texture" }
			}
		},
		{
			"__comment": "Inner vertical post of right-hand gate door",
			"from": [ 14, 1, 13 ],
			"to": [ 16, 15, 15 ],
			"faces": {
				"down": { "uv": [ 14, 13, 16, 15 ], "texture": "#texture" },
				"up": { "uv": [ 14, 12, 16, 14 ], "texture": "#texture" },
				"north": { "uv": [ 7, 2, 9, 16 ], "texture": "#texture" },
				"south": { "uv": [ 7, 2, 9, 16 ], "texture": "#texture" },
				"west": { "uv": [ 7, 2, 9, 16 ], "texture": "#texture" },
				"east": { "uv": [ 7, 2, 9, 16 ], "texture": "#texture" }
			}
		},
		{
			"__comment": "Upper horizontal bar of left-hand gate door",
			"from": [ 0.5, 1, 9 ],
			"to": [ 1.5, 8, 13 ],
			"faces": {
				"down": { "uv": [ 0, 9, 2, 13 ], "texture": "#texture" },
				"up": { "uv": [ 0, 9, 2, 13 ], "texture": "#texture" },
				"west": { "uv": [ 3, 0, 6, 7 ], "texture": "#texture" },
				"east": { "uv": [ 6, 0, 3, 7 ], "texture": "#texture" }
			}
		},
		{
			"__comment": "Upper horizontal bar of left-hand gate door",
			"from": [ 14.5, 1, 9 ],
			"to": [ 15.5, 8, 13 ],
			"faces": {
				"down": { "uv": [ 14, 9, 16, 13 ], "texture": "#texture" },
				"up": { "uv": [ 14, 9, 16, 13 ], "texture": "#texture" },
				"west": { "uv": [ 3, 0, 6, 7 ], "texture": "#texture" },
				"east": { "uv": [ 6, 0, 3, 7 ], "texture": "#texture" }
			}
		},
		{
			"__comment": "Upper horizontal bar of left-hand gate door",
			"from": [ 0.5, 8, 9 ],
			"to": [ 1.5, 15, 13 ],
			"faces": {
				"down": { "uv": [ 0, 9, 2, 13 ], "texture": "#texture" },
				"up": { "uv": [ 0, 9, 2, 13 ], "texture": "#texture" },
				"west": { "uv": [ 3, 0, 6, 7 ], "texture": "#texture" },
				"east": { "uv": [ 6, 0, 3, 7 ], "texture": "#texture" }
			}
		},
		{
			"__comment": "Upper horizontal bar of left-hand gate door",
			"from": [ 14.5, 8, 9 ],
			"to": [ 15.5, 15, 13 ],
			"faces": {
				"down": { "uv": [ 14, 9, 16, 13 ], "texture": "#texture" },
				"up": { "uv": [ 14, 9, 16, 13 ], "texture": "#texture" },
				"west": { "uv": [ 3, 0, 6, 7 ], "texture": "#texture" },
				"east": { "uv": [ 6, 0, 3, 7 ], "texture": "#texture" }
			}
		}
	]
}