{
	"__comment": "Designed by Jehkoba with Cubik Studio - https://cubik.studio",
	"ambientocclusion": false,
	"textures": {
		"particle": "block/oak_door_bottom",
		"bottom": "block/oak_door_bottom",
		"texture": "block/oak_door_bottom"
	},
	"elements": [ 	 
		{
			"from": [ 0, 0, 13 ],
			"to": [ 3, 16, 16 ],
			"faces": {
				"down": { "uv": [ 13, 15, 16, 16 ], "texture": "#texture", "rotation": 90 },
				"up": { "uv": [ 0, 0, 3, 1 ], "texture": "#texture", "rotation": 90 },
				"north": { "uv": [ 13, 0, 16, 16 ], "texture": "#texture" },
				"south": { "uv": [ 13, 0, 16, 16 ], "texture": "#texture" },
				"west": { "uv": [ 13, 0, 16, 16 ], "texture": "#texture" },
				"east": { "uv": [ 0, 0, 3, 16 ], "texture": "#texture" }
			}
		},
		{
			"from": [ 0, 0, 0 ],
			"to": [ 3, 16, 3 ],
			"faces": {
				"down": { "uv": [ 13, 15, 16, 16 ], "texture": "#texture" },
				"up": { "uv": [ 0, 0, 3, 1 ], "texture": "#texture" },
				"north": { "uv": [ 13, 0, 16, 16 ], "texture": "#texture" },
				"south": { "uv": [ 13, 0, 16, 16 ], "texture": "#texture" },
				"west": { "uv": [ 0, 0, 3, 16 ], "texture": "#texture" },
				"east": { "uv": [ 13, 0, 16, 16 ], "texture": "#texture" }
			}
		},
		{
			"from": [ 0, 0, 3 ],
			"to": [ 3, 4, 13 ],
			"faces": {
				"down": { "uv": [ 3, 15, 13, 16 ], "texture": "#texture" },
				"up": { "uv": [ 3, 12, 13, 15 ], "texture": "#texture", "rotation": 270 },
				"north": { "uv": [ 3, 12, 13, 16 ], "texture": "#texture" },
				"south": { "uv": [ 3, 12, 13, 16 ], "texture": "#texture" },
				"west": { "uv": [ 3, 12, 13, 16 ], "texture": "#texture" },
				"east": { "uv": [ 3, 12, 13, 16 ], "texture": "#texture" }
			}
		},
		{
			"from": [ 0.5, 4, 3 ],
			"to": [ 2.5, 16, 13 ],
			"faces": {
				"down": { "uv": [ 13, 0, 16, 16 ], "texture": "#texture" },
				"up": { "uv": [ 3, 0, 13, 3 ], "texture": "#texture", "rotation": 90 },
				"north": { "uv": [ 3, 0, 13, 12 ], "texture": "#texture" },
				"south": { "uv": [ 13, 0, 3, 12 ], "texture": "#texture" },
				"west": { "uv": [ 3, 0, 13, 12 ], "texture": "#texture" },
				"east": { "uv": [ 13, 0, 3, 12 ], "texture": "#texture" }
			}
		}
	]
}