{
"__comment": "Designed by Jehkoba with BDcraft Cubik PRO 0.93 Beta - http://bdcraft.net",
"parent": "block/block", 
"textures": {
    "particle": "block/enchanting_table_top",
    "Top": "block/enchanting_table_top",
    "Side": "block/enchanting_table_side",
    "Bottom": "block/enchanting_table_bottom"
},
"elements": [ 
{
    "from": [ 0, 0, 0 ],
    "to": [ 14, 2, 2 ],
    "faces": {
        "down":  { "uv": [ 16, 2, 2, 0 ], "texture": "#Bottom" },
        "up":    { "uv": [ 0, 0, 14, 2 ], "texture": "#Bottom" },
        "north": { "uv": [ 2, 14, 16, 16 ], "texture": "#Side" },
        "south": { "uv": [ 0, 14, 14, 16 ], "texture": "#Side" },
        "west":  { "uv": [ 0, 14, 2, 16 ], "texture": "#Side" },
        "east":  { "uv": [ 14, 14, 16, 16 ], "texture": "#Side" }
    }
},
{
    "from": [ 2, 0, 14 ],
    "to": [ 16, 2, 16 ],
    "faces": {
        "down":  { "uv": [ 14, 16, 0, 14 ], "texture": "#Bottom" },
        "up":    { "uv": [ 2, 14, 16, 16 ], "texture": "#Bottom" },
        "north": { "uv": [ 0, 14, 14, 16 ], "texture": "#Side" },
        "south": { "uv": [ 2, 14, 16, 16 ], "texture": "#Side" },
        "west":  { "uv": [ 14, 14, 16, 16 ], "texture": "#Side" },
        "east":  { "uv": [ 0, 14, 2, 16 ], "texture": "#Side" }
    }
},
{
    "from": [ 0, 0, 2 ],
    "to": [ 2, 2, 16 ],
    "faces": {
        "down":  { "uv": [ 16, 16, 14, 2 ], "texture": "#Bottom" },
        "up":    { "uv": [ 0, 2, 2, 16 ], "texture": "#Bottom" },
        "north": { "uv": [ 14, 14, 16, 16 ], "texture": "#Side" },
        "south": { "uv": [ 0, 14, 2, 16 ], "texture": "#Side" },
        "west":  { "uv": [ 2, 14, 16, 16 ], "texture": "#Side" },
        "east":  { "uv": [ 0, 14, 14, 16 ], "texture": "#Side" }
    }
},
{
    "from": [ 14, 0, 0 ],
    "to": [ 16, 2, 14 ],
    "faces": {
        "down":  { "uv": [ 2, 14, 0, 0 ], "texture": "#Bottom" },
        "up":    { "uv": [ 14, 0, 16, 14 ], "texture": "#Bottom" },
        "north": { "uv": [ 0, 14, 2, 16 ], "texture": "#Side" },
        "south": { "uv": [ 14, 14, 16, 16 ], "texture": "#Side" },
        "west":  { "uv": [ 0, 14, 14, 16 ], "texture": "#Side" },
        "east":  { "uv": [ 2, 14, 16, 16 ], "texture": "#Side" }
    }
},
{
    "from": [ 0, 2, 0 ],
    "to": [ 2, 10, 2 ],
    "faces": {
        "down":  { "uv": [ 16, 2, 14, 0 ], "texture": "#Bottom" },
        "up":    { "uv": [ 0, 0, 2, 2 ], "texture": "#Bottom" },
        "north": { "uv": [ 14, 6, 16, 14 ], "texture": "#Side" },
        "south": { "uv": [ 0, 6, 2, 14 ], "texture": "#Side" },
        "west":  { "uv": [ 0, 6, 2, 14 ], "texture": "#Side" },
        "east":  { "uv": [ 14, 6, 16, 14 ], "texture": "#Side" }
    }
},
{
    "from": [ 14, 2, 0 ],
    "to": [ 16, 10, 2 ],
    "faces": {
        "down":  { "uv": [ 2, 2, 0, 0 ], "texture": "#Bottom" },
        "up":    { "uv": [ 14, 0, 16, 2 ], "texture": "#Bottom" },
        "north": { "uv": [ 0, 6, 2, 14 ], "texture": "#Side" },
        "south": { "uv": [ 14, 6, 16, 14 ], "texture": "#Side" },
        "west":  { "uv": [ 0, 6, 2, 14 ], "texture": "#Side" },
        "east":  { "uv": [ 14, 6, 16, 14 ], "texture": "#Side" }
    }
},
{
    "from": [ 14, 2, 14 ],
    "to": [ 16, 10, 16 ],
    "faces": {
        "down":  { "uv": [ 2, 16, 0, 14 ], "texture": "#Bottom" },
        "up":    { "uv": [ 14, 14, 16, 16 ], "texture": "#Bottom" },
        "north": { "uv": [ 0, 6, 2, 14 ], "texture": "#Side" },
        "south": { "uv": [ 14, 6, 16, 14 ], "texture": "#Side" },
        "west":  { "uv": [ 14, 6, 16, 14 ], "texture": "#Side" },
        "east":  { "uv": [ 0, 6, 2, 14 ], "texture": "#Side" }
    }
},
{
    "from": [ 0, 2, 14 ],
    "to": [ 2, 10, 16 ],
    "faces": {
        "down":  { "uv": [ 16, 16, 14, 14 ], "texture": "#Bottom" },
        "up":    { "uv": [ 0, 14, 2, 16 ], "texture": "#Bottom" },
        "north": { "uv": [ 14, 6, 16, 14 ], "texture": "#Side" },
        "south": { "uv": [ 0, 6, 2, 14 ], "texture": "#Side" },
        "west":  { "uv": [ 14, 6, 16, 14 ], "texture": "#Side" },
        "east":  { "uv": [ 0, 6, 2, 14 ], "texture": "#Side" }
    }
},
{
    "from": [ 2, 8, 0 ],
    "to": [ 14, 10, 2 ],
    "faces": {
        "down":  { "uv": [ 14, 2, 2, 0 ], "texture": "#Bottom" },
        "up":    { "uv": [ 2, 0, 14, 2 ], "texture": "#Bottom" },
        "north": { "uv": [ 2, 6, 14, 8 ], "texture": "#Side" },
        "south": { "uv": [ 2, 6, 14, 8 ], "texture": "#Side" },
        "west":  { "uv": [ 0, 6, 2, 8 ], "texture": "#Side" },
        "east":  { "uv": [ 14, 6, 16, 8 ], "texture": "#Side" }
    }
},
{
    "from": [ 2, 8, 14 ],
    "to": [ 14, 10, 16 ],
    "faces": {
        "down":  { "uv": [ 14, 16, 2, 14 ], "texture": "#Bottom" },
        "up":    { "uv": [ 2, 14, 14, 16 ], "texture": "#Bottom" },
        "north": { "uv": [ 2, 6, 14, 8 ], "texture": "#Side" },
        "south": { "uv": [ 2, 6, 14, 8 ], "texture": "#Side" },
        "west":  { "uv": [ 14, 6, 16, 8 ], "texture": "#Side" },
        "east":  { "uv": [ 0, 6, 2, 8 ], "texture": "#Side" }
    }
},
{
    "from": [ 0, 8, 2 ],
    "to": [ 2, 10, 14 ],
    "faces": {
        "down":  { "uv": [ 16, 14, 14, 2 ], "texture": "#Bottom" },
        "up":    { "uv": [ 0, 2, 2, 14 ], "texture": "#Bottom" },
        "north": { "uv": [ 14, 6, 16, 8 ], "texture": "#Side" },
        "south": { "uv": [ 0, 6, 2, 8 ], "texture": "#Side" },
        "west":  { "uv": [ 2, 6, 14, 8 ], "texture": "#Side" },
        "east":  { "uv": [ 2, 6, 14, 8 ], "texture": "#Side" }
    }
},
{
    "from": [ 14, 8, 2 ],
    "to": [ 16, 10, 14 ],
    "faces": {
        "down":  { "uv": [ 2, 14, 0, 2 ], "texture": "#Bottom" },
        "up":    { "uv": [ 14, 2, 16, 14 ], "texture": "#Bottom" },
        "north": { "uv": [ 0, 6, 2, 8 ], "texture": "#Side" },
        "south": { "uv": [ 14, 6, 16, 8 ], "texture": "#Side" },
        "west":  { "uv": [ 2, 6, 14, 8 ], "texture": "#Side" },
        "east":  { "uv": [ 2, 6, 14, 8 ], "texture": "#Side" }
    }
},
{
    "from": [ 7, 7, 0 ],
    "to": [ 9, 8, 1 ],
    "faces": {
        "down":  { "uv": [ 16, 16, 14, 15 ], "texture": "#Bottom" },
        "up":    { "uv": [ 14, 15, 16, 16 ], "texture": "#Bottom" },
        "north": { "uv": [ 7, 8, 9, 9 ], "texture": "#Side" },
        "south": { "uv": [ 7, 8, 9, 9 ], "texture": "#Side" },
        "west":  { "uv": [ 7, 7, 8, 8 ], "texture": "#Side" },
        "east":  { "uv": [ 8, 7, 9, 8 ], "texture": "#Side" }
    }
},
{
    "from": [ 7, 7, 15 ],
    "to": [ 9, 8, 16 ],
    "faces": {
        "down":  { "uv": [ 16, 16, 14, 15 ], "texture": "#Bottom" },
        "up":    { "uv": [ 14, 15, 16, 16 ], "texture": "#Bottom" },
        "north": { "uv": [ 7, 8, 9, 9 ], "texture": "#Side" },
        "south": { "uv": [ 7, 8, 9, 9 ], "texture": "#Side" },
        "west":  { "uv": [ 7, 7, 8, 8 ], "texture": "#Side" },
        "east":  { "uv": [ 8, 7, 9, 8 ], "texture": "#Side" }
    }
},
{
    "from": [ 0, 7, 7 ],
    "to": [ 1, 8, 9 ],
    "faces": {
        "down":  { "uv": [ 16, 16, 14, 15 ], "texture": "#Bottom" },
        "up":    { "uv": [ 14, 15, 16, 16 ], "texture": "#Bottom" },
        "north": { "uv": [ 7, 8, 9, 9 ], "texture": "#Side" },
        "south": { "uv": [ 7, 8, 9, 9 ], "texture": "#Side" },
        "west":  { "uv": [ 7, 8, 8, 9 ], "texture": "#Side" },
        "east":  { "uv": [ 8, 8, 9, 9 ], "texture": "#Side" }
    }
},
{
    "from": [ 15, 7, 7 ],
    "to": [ 16, 8, 9 ],
    "faces": {
        "down":  { "uv": [ 16, 16, 14, 15 ], "texture": "#Bottom" },
        "up":    { "uv": [ 14, 15, 16, 16 ], "texture": "#Bottom" },
        "north": { "uv": [ 7, 8, 9, 9 ], "texture": "#Side" },
        "south": { "uv": [ 7, 8, 9, 9 ], "texture": "#Side" },
        "west":  { "uv": [ 7, 8, 8, 9 ], "texture": "#Side" },
        "east":  { "uv": [ 8, 8, 9, 9 ], "texture": "#Side" }
    }
},
{
    "from": [ 1, 1, 1 ],
    "to": [ 15, 11, 15 ],
    "faces": {
        "down":  { "uv": [ 15, 15, 1, 1 ], "texture": "#Bottom" },
        "up":    { "uv": [ 1, 1, 15, 15 ], "texture": "#Top" },
        "north": { "uv": [ 1, 5, 15, 15 ], "texture": "#Side" },
        "south": { "uv": [ 1, 5, 15, 15 ], "texture": "#Side" },
        "west":  { "uv": [ 1, 5, 15, 15 ], "texture": "#Side" },
        "east":  { "uv": [ 1, 5, 15, 15 ], "texture": "#Side" }
    }
},
{
    "from": [ 0, 10, 0 ],
    "to": [ 16, 12, 16 ],
    "faces": {
        "down":  { "uv": [ 16, 16, 0, 0 ], "texture": "#Top" },
        "up":    { "uv": [ 0, 0, 16, 16 ], "texture": "#Top" },
        "north": { "uv": [ 0, 4, 16, 6 ], "texture": "#Side" },
        "south": { "uv": [ 0, 4, 16, 6 ], "texture": "#Side" },
        "west":  { "uv": [ 0, 4, 16, 6 ], "texture": "#Side" },
        "east":  { "uv": [ 0, 4, 16, 6 ], "texture": "#Side" }
    }
},
{
    "from": [ 7, 11.5, 7 ],
    "to": [ 9, 12.5, 9 ],
    "faces": {
        "down":  { "uv": [ 9, 9, 7, 7 ], "texture": "#Top" },
        "up":    { "uv": [ 7, 7, 9, 9 ], "texture": "#Top" },
        "north": { "uv": [ 7, 7, 9, 8 ], "texture": "#Top" },
        "south": { "uv": [ 7, 3, 9, 4 ], "texture": "#Top" },
        "west":  { "uv": [ 7, 3, 9, 4 ], "texture": "#Top" },
        "east":  { "uv": [ 7, 3, 9, 4 ], "texture": "#Top" }
    }
},
{
    "from": [ 11, 11.5, 7 ],
    "to": [ 13, 12.5, 9 ],
    "faces": {
        "down":  { "uv": [ 9, 9, 7, 7 ], "texture": "#Top" },
        "up":    { "uv": [ 7, 7, 9, 9 ], "texture": "#Top" },
        "north": { "uv": [ 7, 7, 9, 8 ], "texture": "#Top" },
        "south": { "uv": [ 7, 3, 9, 4 ], "texture": "#Top" },
        "west":  { "uv": [ 7, 3, 9, 4 ], "texture": "#Top" },
        "east":  { "uv": [ 7, 3, 9, 4 ], "texture": "#Top" }
    }
},
{
    "from": [ 3, 11.5, 7 ],
    "to": [ 5, 12.5, 9 ],
    "faces": {
        "down":  { "uv": [ 9, 9, 7, 7 ], "texture": "#Top" },
        "up":    { "uv": [ 7, 7, 9, 9 ], "texture": "#Top" },
        "north": { "uv": [ 7, 7, 9, 8 ], "texture": "#Top" },
        "south": { "uv": [ 7, 3, 9, 4 ], "texture": "#Top" },
        "west":  { "uv": [ 7, 3, 9, 4 ], "texture": "#Top" },
        "east":  { "uv": [ 7, 3, 9, 4 ], "texture": "#Top" }
    }
},
{
    "from": [ 7, 11.5, 3 ],
    "to": [ 9, 12.5, 5 ],
    "faces": {
        "down":  { "uv": [ 9, 9, 7, 7 ], "texture": "#Top" },
        "up":    { "uv": [ 7, 7, 9, 9 ], "texture": "#Top" },
        "north": { "uv": [ 7, 7, 9, 8 ], "texture": "#Top" },
        "south": { "uv": [ 7, 3, 9, 4 ], "texture": "#Top" },
        "west":  { "uv": [ 7, 3, 9, 4 ], "texture": "#Top" },
        "east":  { "uv": [ 7, 3, 9, 4 ], "texture": "#Top" }
    }
},
{
    "from": [ 7, 11.5, 11 ],
    "to": [ 9, 12.5, 13 ],
    "faces": {
        "down":  { "uv": [ 9, 9, 7, 7 ], "texture": "#Top" },
        "up":    { "uv": [ 7, 7, 9, 9 ], "texture": "#Top" },
        "north": { "uv": [ 7, 7, 9, 8 ], "texture": "#Top" },
        "south": { "uv": [ 7, 3, 9, 4 ], "texture": "#Top" },
        "west":  { "uv": [ 7, 3, 9, 4 ], "texture": "#Top" },
        "east":  { "uv": [ 7, 3, 9, 4 ], "texture": "#Top" }
    }
}
]
}