{
	"__comment": "Designed by Jehkoba with BDcraft Cubik PRO 0.93 Beta - http://bdcraft.net",
	"parent": "block/block",
	"textures": {
		"particle": "block/iron_block",
		"texture": "block/iron_block"
	},
	"elements": [ 	 
		{
			"__comment": "Box18",
			"from": [ 0.5, 0, 0.5 ],
			"to": [ 15.5, 1, 15.5 ],
			"faces": {
				"down": { "uv": [ 0.5, 0.5, 15.5, 15.5 ], "texture": "#texture" },
				"north": { "uv": [ 0.5, 15, 15.5, 16 ], "texture": "#texture" },
				"south": { "uv": [ 0.5, 15, 15.5, 16 ], "texture": "#texture" },
				"west": { "uv": [ 0.5, 15, 15.5, 16 ], "texture": "#texture" },
				"east": { "uv": [ 0.5, 15, 15.5, 16 ], "texture": "#texture" }
			}
		},
		{
			"__comment": "Box19",
			"from": [ 0, 1, 0 ],
			"to": [ 16, 2, 16 ],
			"faces": {
				"down": { "uv": [ 0, 0, 16, 16 ], "texture": "#texture" },
				"up": { "uv": [ 0, 0, 16, 16 ], "texture": "#texture" },
				"north": { "uv": [ 0, 14, 16, 15 ], "texture": "#texture" },
				"south": { "uv": [ 0, 14, 16, 15 ], "texture": "#texture" },
				"west": { "uv": [ 0, 14, 16, 15 ], "texture": "#texture" },
				"east": { "uv": [ 0, 14, 16, 15 ], "texture": "#texture" }
			}
		},
		{
			"__comment": "Box20",
			"from": [ 2, 2, 2 ],
			"to": [ 4, 2.5, 4 ],
			"faces": {
				"up": { "uv": [ 2, 2, 4, 4 ], "texture": "#texture" },
				"north": { "uv": [ 14, 12, 12, 13 ], "texture": "#texture" },
				"south": { "uv": [ 2, 13, 4, 14 ], "texture": "#texture" },
				"west": { "uv": [ 2, 12, 4, 13 ], "texture": "#texture" },
				"east": { "uv": [ 14, 13, 12, 14 ], "texture": "#texture" }
			}
		},
		{
			"__comment": "Box20",
			"from": [ 7, 2, 2 ],
			"to": [ 9, 2.5, 4 ],
			"faces": {
				"up": { "uv": [ 2, 2, 4, 4 ], "texture": "#texture" },
				"north": { "uv": [ 14, 12, 12, 13 ], "texture": "#texture" },
				"south": { "uv": [ 2, 13, 4, 14 ], "texture": "#texture" },
				"west": { "uv": [ 2, 12, 4, 13 ], "texture": "#texture" },
				"east": { "uv": [ 14, 13, 12, 14 ], "texture": "#texture" }
			}
		},
		{
			"__comment": "Box20",
			"from": [ 12, 2, 2 ],
			"to": [ 14, 2.5, 4 ],
			"faces": {
				"up": { "uv": [ 2, 2, 4, 4 ], "texture": "#texture" },
				"north": { "uv": [ 14, 12, 12, 13 ], "texture": "#texture" },
				"south": { "uv": [ 2, 13, 4, 14 ], "texture": "#texture" },
				"west": { "uv": [ 2, 12, 4, 13 ], "texture": "#texture" },
				"east": { "uv": [ 14, 13, 12, 14 ], "texture": "#texture" }
			}
		},
		{
			"__comment": "Box20",
			"from": [ 2, 2, 7 ],
			"to": [ 4, 2.5, 9 ],
			"faces": {
				"up": { "uv": [ 2, 2, 4, 4 ], "texture": "#texture" },
				"north": { "uv": [ 14, 12, 12, 13 ], "texture": "#texture" },
				"south": { "uv": [ 2, 13, 4, 14 ], "texture": "#texture" },
				"west": { "uv": [ 2, 12, 4, 13 ], "texture": "#texture" },
				"east": { "uv": [ 14, 13, 12, 14 ], "texture": "#texture" }
			}
		},
		{
			"__comment": "Box20",
			"from": [ 12, 2, 7 ],
			"to": [ 14, 2.5, 9 ],
			"faces": {
				"up": { "uv": [ 2, 2, 4, 4 ], "texture": "#texture" },
				"north": { "uv": [ 14, 12, 12, 13 ], "texture": "#texture" },
				"south": { "uv": [ 2, 13, 4, 14 ], "texture": "#texture" },
				"west": { "uv": [ 2, 12, 4, 13 ], "texture": "#texture" },
				"east": { "uv": [ 14, 13, 12, 14 ], "texture": "#texture" }
			}
		},
		{
			"__comment": "Box20",
			"from": [ 2, 2, 12 ],
			"to": [ 4, 2.5, 14 ],
			"faces": {
				"up": { "uv": [ 2, 2, 4, 4 ], "texture": "#texture" },
				"north": { "uv": [ 14, 12, 12, 13 ], "texture": "#texture" },
				"south": { "uv": [ 2, 13, 4, 14 ], "texture": "#texture" },
				"west": { "uv": [ 2, 12, 4, 13 ], "texture": "#texture" },
				"east": { "uv": [ 14, 13, 12, 14 ], "texture": "#texture" }
			}
		},
		{
			"__comment": "Box20",
			"from": [ 7, 2, 12 ],
			"to": [ 9, 2.5, 14 ],
			"faces": {
				"up": { "uv": [ 2, 2, 4, 4 ], "texture": "#texture" },
				"north": { "uv": [ 14, 12, 12, 13 ], "texture": "#texture" },
				"south": { "uv": [ 2, 13, 4, 14 ], "texture": "#texture" },
				"west": { "uv": [ 2, 12, 4, 13 ], "texture": "#texture" },
				"east": { "uv": [ 14, 13, 12, 14 ], "texture": "#texture" }
			}
		},
		{
			"__comment": "Box20",
			"from": [ 12, 2, 12 ],
			"to": [ 14, 2.5, 14 ],
			"faces": {
				"up": { "uv": [ 2, 2, 4, 4 ], "texture": "#texture" },
				"north": { "uv": [ 14, 12, 12, 13 ], "texture": "#texture" },
				"south": { "uv": [ 2, 13, 4, 14 ], "texture": "#texture" },
				"west": { "uv": [ 2, 12, 4, 13 ], "texture": "#texture" },
				"east": { "uv": [ 14, 13, 12, 14 ], "texture": "#texture" }
			}
		}
	]
}