{
	"__comment": "Designed by Jehkoba with Cubik Studio - https://cubik.studio",
	"ambientocclusion": false,
	"textures": {
		"particle": "block/iron_bars",
		"texture": "block/iron_bars"
	},
	"elements": [ 	 
		{
			"__comment": "Box3",
			"from": [ 7, 0, 7 ],
			"to": [ 9, 8, 9 ],
			"faces": {
				"down": { "uv": [ 8, 7, 9, 8 ], "texture": "#texture" },
				"up": { "uv": [ 7, 7, 9, 9 ], "texture": "#texture" },
				"north": { "uv": [ 7, 8, 9, 16 ], "texture": "#texture" },
				"south": { "uv": [ 7, 8, 9, 16 ], "texture": "#texture" },
				"west": { "uv": [ 7, 8, 9, 16 ], "texture": "#texture" },
				"east": { "uv": [ 7, 8, 9, 16 ], "texture": "#texture" }
			}
		},
		{
			"__comment": "Box3",
			"from": [ 7, 8, 7 ],
			"to": [ 9, 16, 9 ],
			"faces": {
				"down": { "uv": [ 7, 7, 9, 9 ], "texture": "#texture" },
				"up": { "uv": [ 7, 7, 8, 8 ], "texture": "#texture" },
				"north": { "uv": [ 3, 0, 5, 8 ], "texture": "#texture" },
				"south": { "uv": [ 3, 0, 5, 8 ], "texture": "#texture" },
				"west": { "uv": [ 3, 0, 5, 8 ], "texture": "#texture" },
				"east": { "uv": [ 3, 0, 5, 8 ], "texture": "#texture" }
			}
		}
	]
}