{
	"__comment": "Designed by Jehkoba with Cubik Studio - https://cubik.studio",
	"ambientocclusion": false,
	"textures": {
		"particle": "block/iron_bars",
		"texture": "block/iron_bars"
	},
	"elements": [ 	 
		{
			"__comment": "Box3",
			"from": [ 7, 0, 11 ],
			"to": [ 9, 8, 13 ],
			"faces": {
				"down": { "uv": [ 8, 7, 9, 8 ], "texture": "#texture" },
				"up": { "uv": [ 7, 7, 9, 9 ], "texture": "#texture" },
				"north": { "uv": [ 7, 8, 9, 16 ], "texture": "#texture" },
				"south": { "uv": [ 7, 8, 9, 16 ], "texture": "#texture" },
				"west": { "uv": [ 7, 8, 9, 16 ], "texture": "#texture" },
				"east": { "uv": [ 7, 8, 9, 16 ], "texture": "#texture" }
			}
		},
		{
			"__comment": "Box3",
			"from": [ 7, 8, 11 ],
			"to": [ 9, 16, 13 ],
			"faces": {
				"down": { "uv": [ 7, 7, 9, 9 ], "texture": "#texture" },
				"up": { "uv": [ 7, 7, 8, 8 ], "texture": "#texture" },
				"north": { "uv": [ 3, 0, 5, 8 ], "texture": "#texture" },
				"south": { "uv": [ 3, 0, 5, 8 ], "texture": "#texture" },
				"west": { "uv": [ 3, 0, 5, 8 ], "texture": "#texture" },
				"east": { "uv": [ 3, 0, 5, 8 ], "texture": "#texture" }
			}
		},
		{
			"__comment": "Box3",
			"from": [ 7, 0, 8 ],
			"to": [ 9, 8, 9 ],
			"faces": {
				"down": { "uv": [ 8, 7, 9, 8 ], "texture": "#texture" },
				"up": { "uv": [ 7, 7, 9, 9 ], "texture": "#texture" },
				"north": { "uv": [ 7, 8, 9, 16 ], "texture": "#texture" },
				"south": { "uv": [ 7, 8, 9, 16 ], "texture": "#texture" },
				"west": { "uv": [ 8, 8, 9, 16 ], "texture": "#texture" },
				"east": { "uv": [ 7, 8, 8, 16 ], "texture": "#texture" }
			}
		},
		{
			"__comment": "Box3",
			"from": [ 7, 8, 8 ],
			"to": [ 9, 16, 9 ],
			"faces": {
				"down": { "uv": [ 7, 7, 9, 9 ], "texture": "#texture" },
				"up": { "uv": [ 7, 7, 8, 8 ], "texture": "#texture" },
				"north": { "uv": [ 3, 0, 5, 8 ], "texture": "#texture" },
				"south": { "uv": [ 3, 0, 5, 8 ], "texture": "#texture" },
				"west": { "uv": [ 4, 0, 5, 8 ], "texture": "#texture" },
				"east": { "uv": [ 3, 0, 4, 8 ], "texture": "#texture" }
			}
		},
		{
			"__comment": "Box3",
			"from": [ 7, 8, 15 ],
			"to": [ 9, 16, 16 ],
			"faces": {
				"down": { "uv": [ 7, 7, 9, 9 ], "texture": "#texture" },
				"up": { "uv": [ 7, 7, 8, 8 ], "texture": "#texture" },
				"north": { "uv": [ 3, 0, 5, 8 ], "texture": "#texture" },
				"south": { "uv": [ 3, 0, 5, 8 ], "texture": "#texture" },
				"west": { "uv": [ 3, 0, 4, 8 ], "texture": "#texture" },
				"east": { "uv": [ 4, 0, 5, 8 ], "texture": "#texture" }
			}
		},
		{
			"__comment": "Box3",
			"from": [ 7, 0, 15 ],
			"to": [ 9, 8, 16 ],
			"faces": {
				"down": { "uv": [ 8, 7, 9, 8 ], "texture": "#texture" },
				"up": { "uv": [ 7, 7, 9, 9 ], "texture": "#texture" },
				"north": { "uv": [ 7, 8, 9, 16 ], "texture": "#texture" },
				"south": { "uv": [ 7, 8, 9, 16 ], "texture": "#texture" },
				"west": { "uv": [ 7, 8, 8, 16 ], "texture": "#texture" },
				"east": { "uv": [ 8, 8, 9, 16 ], "texture": "#texture" }
			}
		},
		{
			"__comment": "Box8",
			"from": [ 7.5, 3, 9 ],
			"to": [ 8.5, 5, 15 ],
			"faces": {
				"down": { "uv": [ 7.5, 9, 8.5, 15 ], "texture": "#texture" },
				"up": { "uv": [ 7.5, 1, 8.5, 7 ], "texture": "#texture" },
				"north": { "uv": [ 7.5, 11, 8.5, 13 ], "texture": "#texture" },
				"south": { "uv": [ 7.5, 11, 8.5, 13 ], "texture": "#texture" },
				"west": { "uv": [ 1, 11, 7, 13 ], "texture": "#texture" },
				"east": { "uv": [ 9, 11, 15, 13 ], "texture": "#texture" }
			}
		},
		{
			"__comment": "Box8",
			"from": [ 7.5, 11, 9 ],
			"to": [ 8.5, 13, 15 ],
			"faces": {
				"down": { "uv": [ 7.5, 9, 8.5, 15 ], "texture": "#texture" },
				"up": { "uv": [ 7.5, 1, 8.5, 7 ], "texture": "#texture" },
				"north": { "uv": [ 7.5, 11, 8.5, 13 ], "texture": "#texture" },
				"south": { "uv": [ 7.5, 11, 8.5, 13 ], "texture": "#texture" },
				"west": { "uv": [ 1, 11, 7, 13 ], "texture": "#texture" },
				"east": { "uv": [ 9, 11, 15, 13 ], "texture": "#texture" }
			}
		}
	]
}