{
	"__comment": "Designed by Jehkoba with Cubik Studio - https://cubik.studio",
	"textures": {
		"particle": "block/iron_door_top",
		"texture": "block/iron_door_top"
	},
	"elements": [ 	 
		{
			"__comment": "Box1",
			"from": [ 0, 0, 0 ],
			"to": [ 2, 3, 16 ],
			"faces": {
				"down": { "uv": [ 0, 0, 2, 16 ], "texture": "#texture" },
				"up": { "uv": [ 1, 0, 2, 16 ], "texture": "#texture" },
				"north": { "uv": [ 14, 13, 16, 16 ], "texture": "#texture" },
				"south": { "uv": [ 0, 13, 2, 16 ], "texture": "#texture" },
				"west": { "uv": [ 0, 13, 16, 16 ], "texture": "#texture" },
				"east": { "uv": [ 0, 13, 16, 16 ], "texture": "#texture" }
			}
		},
		{
			"__comment": "Box2",
			"from": [ 0, 3, 0 ],
			"to": [ 2, 13, 3 ],
			"faces": {
				"down": { "uv": [ 0, 13, 2, 16 ], "texture": "#texture" },
				"up": { "uv": [ 0, 0, 2, 3 ], "texture": "#texture" },
				"north": { "uv": [ 14, 3, 16, 13 ], "texture": "#texture" },
				"south": { "uv": [ 1, 3, 2, 13 ], "texture": "#texture" },
				"west": { "uv": [ 0, 3, 3, 13 ], "texture": "#texture" },
				"east": { "uv": [ 13, 3, 16, 13 ], "texture": "#texture" }
			}
		},
		{
			"__comment": "Box3",
			"from": [ 0, 3, 13 ],
			"to": [ 2, 13, 16 ],
			"faces": {
				"down": { "uv": [ 0, 0, 2, 3 ], "texture": "#texture" },
				"up": { "uv": [ 0, 13, 2, 16 ], "texture": "#texture" },
				"north": { "uv": [ 14, 3, 15, 13 ], "texture": "#texture" },
				"south": { "uv": [ 0, 3, 2, 13 ], "texture": "#texture" },
				"west": { "uv": [ 13, 3, 16, 13 ], "texture": "#texture" },
				"east": { "uv": [ 0, 3, 3, 13 ], "texture": "#texture" }
			}
		},
		{
			"__comment": "Box4",
			"from": [ 0, 13, 0 ],
			"to": [ 2, 16, 16 ],
			"faces": {
				"down": { "uv": [ 0, 0, 2, 16 ], "texture": "#texture" },
				"up": { "uv": [ 0, 0, 2, 16 ], "texture": "#texture" },
				"north": { "uv": [ 14, 0, 16, 3 ], "texture": "#texture" },
				"south": { "uv": [ 0, 0, 2, 3 ], "texture": "#texture" },
				"west": { "uv": [ 0, 0, 16, 3 ], "texture": "#texture" },
				"east": { "uv": [ 0, 0, 16, 3 ], "texture": "#texture" }
			}
		},
		{
			"__comment": "Box5",
			"from": [ 0.5, 3, 5 ],
			"to": [ 1.5, 13, 7 ],
			"faces": {
				"down": { "uv": [ 0.5, 9, 1.5, 11 ], "texture": "#texture" },
				"up": { "uv": [ 0.5, 5, 1.5, 7 ], "texture": "#texture" },
				"north": { "uv": [ 14, 3, 15, 13 ], "texture": "#texture" },
				"south": { "uv": [ 1, 3, 2, 13 ], "texture": "#texture" },
				"west": { "uv": [ 5, 3, 7, 13 ], "texture": "#texture" },
				"east": { "uv": [ 9, 3, 11, 13 ], "texture": "#texture" }
			}
		},
		{
			"__comment": "Box5",
			"from": [ 0.5, 3, 9 ],
			"to": [ 1.5, 13, 11 ],
			"faces": {
				"down": { "uv": [ 0.5, 9, 1.5, 11 ], "texture": "#texture" },
				"up": { "uv": [ 0.5, 5, 1.5, 7 ], "texture": "#texture" },
				"north": { "uv": [ 14, 3, 15, 13 ], "texture": "#texture" },
				"south": { "uv": [ 1, 3, 2, 13 ], "texture": "#texture" },
				"west": { "uv": [ 5, 3, 7, 13 ], "texture": "#texture" },
				"east": { "uv": [ 9, 3, 11, 13 ], "texture": "#texture" }
			}
		},
		{
			"__comment": "Box7",
			"from": [ 0, 4, 3 ],
			"to": [ 2, 6, 13 ],
			"faces": {
				"down": { "uv": [ 0, 3, 2, 13 ], "texture": "#texture" },
				"up": { "uv": [ 0, 3, 2, 13 ], "texture": "#texture" },
				"north": { "uv": [ 14, 10, 16, 12 ], "texture": "#texture" },
				"south": { "uv": [ 0, 10, 2, 12 ], "texture": "#texture" },
				"west": { "uv": [ 3, 10, 13, 12 ], "texture": "#texture" },
				"east": { "uv": [ 3, 10, 13, 12 ], "texture": "#texture" }
			}
		},
		{
			"__comment": "Box7",
			"from": [ 0, 7, 3 ],
			"to": [ 2, 9, 13 ],
			"faces": {
				"down": { "uv": [ 0, 3, 2, 13 ], "texture": "#texture" },
				"up": { "uv": [ 0, 3, 2, 13 ], "texture": "#texture" },
				"north": { "uv": [ 14, 10, 16, 12 ], "texture": "#texture" },
				"south": { "uv": [ 0, 10, 2, 12 ], "texture": "#texture" },
				"west": { "uv": [ 3, 10, 13, 12 ], "texture": "#texture" },
				"east": { "uv": [ 3, 10, 13, 12 ], "texture": "#texture" }
			}
		},
		{
			"__comment": "Box7",
			"from": [ 0, 10, 3 ],
			"to": [ 2, 12, 13 ],
			"faces": {
				"down": { "uv": [ 0, 3, 2, 13 ], "texture": "#texture" },
				"up": { "uv": [ 0, 3, 2, 13 ], "texture": "#texture" },
				"north": { "uv": [ 14, 10, 16, 12 ], "texture": "#texture" },
				"south": { "uv": [ 0, 10, 2, 12 ], "texture": "#texture" },
				"west": { "uv": [ 3, 10, 13, 12 ], "texture": "#texture" },
				"east": { "uv": [ 3, 10, 13, 12 ], "texture": "#texture" }
			}
		}
	]
}