{
	"__comment": "Designed by Jehkoba with BDcraft Cubik PRO 0.93 Beta - http://bdcraft.net",
	"parent": "block/block",
	"textures": {
		"particle": "block/iron_trapdoor",
		"texture": "block/iron_trapdoor"
	},
	"elements": [ 	 
		{
			"__comment": "Box11",
			"from": [ 2, 13, 15 ],
			"to": [ 16, 15, 16 ],
			"faces": {
				"down": { "uv": [ 1, 15, 15, 16 ], "texture": "#texture", "rotation": 180 },
				"up": { "uv": [ 15, 15, 1, 14 ], "texture": "#texture", "rotation": 180 },
				"north": { "uv": [ 0, 0, 14, 2 ], "texture": "#texture" },
				"south": { "uv": [ 14, 16, 0, 14 ], "texture": "#texture" },
				"east": { "uv": [ 0, 14, 2, 15 ], "texture": "#texture", "rotation": 90 }
			}
		},
		{
			"__comment": "Box12",
			"from": [ 0, 1, 15.0001 ],
			"to": [ 2, 15, 16.0001 ],
			"faces": {
				"up": { "uv": [ 11, 5, 13, 4 ], "texture": "#texture", "rotation": 180 },
				"north": { "uv": [ 14, 1, 16, 15 ], "texture": "#texture" },
				"south": { "uv": [ 16, 16, 14, 2 ], "texture": "#texture" },
				"west": { "uv": [ 1, 15, 15, 16 ], "texture": "#texture", "rotation": 270 },
				"east": { "uv": [ 2, 14, 14, 15 ], "texture": "#texture", "rotation": 90 }
			}
		},
		{
			"__comment": "Box13",
			"from": [ 0, -1, 14.9999 ],
			"to": [ 14, 1, 15.9999 ],
			"faces": {
				"down": { "uv": [ 1, 15, 15, 16 ], "texture": "#texture", "rotation": 180 },
				"up": { "uv": [ 15, 15, 1, 14 ], "texture": "#texture", "rotation": 180 },
				"north": { "uv": [ 2, 14, 16, 16 ], "texture": "#texture" },
				"south": { "uv": [ 16, 2, 2, 0 ], "texture": "#texture" },
				"west": { "uv": [ 1, 15, 3, 16 ], "texture": "#texture", "rotation": 270 }
			}
		},
		{
			"__comment": "Box14",
			"from": [ 14, -1, 15 ],
			"to": [ 16, 13, 16 ],
			"faces": {
				"down": { "uv": [ 0, 15, 2, 16 ], "texture": "#texture", "rotation": 180 },
				"north": { "uv": [ 0, 2, 2, 16 ], "texture": "#texture" },
				"south": { "uv": [ 2, 14, 0, 0 ], "texture": "#texture" },
				"west": { "uv": [ 0, 15, 14, 16 ], "texture": "#texture", "rotation": 270 },
				"east": { "uv": [ 1, 14, 15, 15 ], "texture": "#texture", "rotation": 90 }
			}
		},
		{
			"__comment": "Box16",
			"from": [ 7, 1, 15 ],
			"to": [ 9, 13, 16 ],
			"faces": {
				"north": { "uv": [ 7, 2, 9, 14 ], "texture": "#texture" },
				"south": { "uv": [ 9, 14, 7, 2 ], "texture": "#texture" },
				"west": { "uv": [ 2, 15, 14, 16 ], "texture": "#texture", "rotation": 270 },
				"east": { "uv": [ 2, 14, 14, 15 ], "texture": "#texture", "rotation": 90 }
			}
		},
		{
			"__comment": "Box17",
			"from": [ 11, 1, 15 ],
			"to": [ 13, 13, 16 ],
			"faces": {
				"north": { "uv": [ 3, 2, 5, 14 ], "texture": "#texture" },
				"south": { "uv": [ 5, 14, 3, 2 ], "texture": "#texture" },
				"west": { "uv": [ 2, 15, 14, 16 ], "texture": "#texture", "rotation": 270 },
				"east": { "uv": [ 2, 14, 14, 15 ], "texture": "#texture", "rotation": 90 }
			}
		},
		{
			"__comment": "Box18",
			"from": [ 13, 10, 15 ],
			"to": [ 14, 12, 16 ],
			"faces": {
				"down": { "uv": [ 2, 15, 3, 16 ], "texture": "#texture", "rotation": 180 },
				"up": { "uv": [ 14, 15, 13, 14 ], "texture": "#texture", "rotation": 180 },
				"north": { "uv": [ 2, 3, 3, 5 ], "texture": "#texture" },
				"south": { "uv": [ 3, 13, 2, 11 ], "texture": "#texture" }
			}
		},
		{
			"__comment": "Box20",
			"from": [ 13, 2, 15 ],
			"to": [ 14, 4, 16 ],
			"faces": {
				"down": { "uv": [ 2, 15, 3, 16 ], "texture": "#texture", "rotation": 180 },
				"up": { "uv": [ 14, 15, 13, 14 ], "texture": "#texture", "rotation": 180 },
				"north": { "uv": [ 2, 11, 3, 13 ], "texture": "#texture" },
				"south": { "uv": [ 3, 5, 2, 3 ], "texture": "#texture" }
			}
		},
		{
			"__comment": "Box21",
			"from": [ 9, 10, 15 ],
			"to": [ 11, 12, 16 ],
			"faces": {
				"down": { "uv": [ 5, 15, 7, 16 ], "texture": "#texture", "rotation": 180 },
				"up": { "uv": [ 7, 15, 5, 14 ], "texture": "#texture", "rotation": 180 },
				"north": { "uv": [ 5, 3, 7, 5 ], "texture": "#texture" },
				"south": { "uv": [ 7, 13, 5, 11 ], "texture": "#texture" }
			}
		},
		{
			"__comment": "Box22",
			"from": [ 9, 6, 15 ],
			"to": [ 11, 8, 16 ],
			"faces": {
				"down": { "uv": [ 5, 15, 7, 16 ], "texture": "#texture", "rotation": 180 },
				"up": { "uv": [ 7, 15, 5, 14 ], "texture": "#texture", "rotation": 180 },
				"north": { "uv": [ 5, 7, 7, 9 ], "texture": "#texture" },
				"south": { "uv": [ 7, 9, 5, 7 ], "texture": "#texture" }
			}
		},
		{
			"__comment": "Box23",
			"from": [ 9, 2, 15 ],
			"to": [ 11, 4, 16 ],
			"faces": {
				"down": { "uv": [ 5, 15, 7, 16 ], "texture": "#texture", "rotation": 180 },
				"up": { "uv": [ 7, 15, 5, 14 ], "texture": "#texture", "rotation": 180 },
				"north": { "uv": [ 5, 11, 7, 13 ], "texture": "#texture" },
				"south": { "uv": [ 7, 5, 5, 3 ], "texture": "#texture" }
			}
		},
		{
			"__comment": "Box24",
			"from": [ 5, 10, 15 ],
			"to": [ 7, 12, 16 ],
			"faces": {
				"down": { "uv": [ 5, 15, 7, 16 ], "texture": "#texture", "rotation": 180 },
				"up": { "uv": [ 7, 15, 5, 14 ], "texture": "#texture", "rotation": 180 },
				"north": { "uv": [ 9, 3, 11, 5 ], "texture": "#texture" },
				"south": { "uv": [ 11, 13, 9, 11 ], "texture": "#texture" }
			}
		},
		{
			"__comment": "Box25",
			"from": [ 5, 6, 15 ],
			"to": [ 7, 8, 16 ],
			"faces": {
				"down": { "uv": [ 5, 15, 7, 16 ], "texture": "#texture", "rotation": 180 },
				"up": { "uv": [ 7, 15, 5, 14 ], "texture": "#texture", "rotation": 180 },
				"north": { "uv": [ 9, 7, 11, 9 ], "texture": "#texture" },
				"south": { "uv": [ 11, 9, 9, 7 ], "texture": "#texture" }
			}
		},
		{
			"__comment": "Box26",
			"from": [ 5, 2, 15 ],
			"to": [ 7, 4, 16 ],
			"faces": {
				"down": { "uv": [ 5, 15, 7, 16 ], "texture": "#texture", "rotation": 180 },
				"up": { "uv": [ 7, 15, 5, 14 ], "texture": "#texture", "rotation": 180 },
				"north": { "uv": [ 9, 11, 11, 13 ], "texture": "#texture" },
				"south": { "uv": [ 11, 5, 9, 3 ], "texture": "#texture" }
			}
		},
		{
			"__comment": "Box28",
			"from": [ 13, 6, 15 ],
			"to": [ 14, 8, 16 ],
			"faces": {
				"down": { "uv": [ 2, 15, 3, 16 ], "texture": "#texture", "rotation": 180 },
				"up": { "uv": [ 14, 15, 13, 14 ], "texture": "#texture", "rotation": 180 },
				"north": { "uv": [ 2, 7, 3, 9 ], "texture": "#texture" },
				"south": { "uv": [ 3, 9, 2, 7 ], "texture": "#texture" }
			}
		},
		{
			"__comment": "Box17",
			"from": [ 3, 1, 15 ],
			"to": [ 5, 13, 16 ],
			"faces": {
				"north": { "uv": [ 3, 2, 5, 14 ], "texture": "#texture" },
				"south": { "uv": [ 5, 14, 3, 2 ], "texture": "#texture" },
				"west": { "uv": [ 2, 15, 14, 16 ], "texture": "#texture", "rotation": 270 },
				"east": { "uv": [ 2, 14, 14, 15 ], "texture": "#texture", "rotation": 90 }
			}
		},
		{
			"__comment": "Box18",
			"from": [ 2, 10, 15 ],
			"to": [ 3, 12, 16 ],
			"faces": {
				"down": { "uv": [ 2, 15, 3, 16 ], "texture": "#texture", "rotation": 180 },
				"up": { "uv": [ 14, 15, 13, 14 ], "texture": "#texture", "rotation": 180 },
				"north": { "uv": [ 2, 3, 3, 5 ], "texture": "#texture" },
				"south": { "uv": [ 3, 13, 2, 11 ], "texture": "#texture" }
			}
		},
		{
			"__comment": "Box28",
			"from": [ 2, 6, 15 ],
			"to": [ 3, 8, 16 ],
			"faces": {
				"down": { "uv": [ 2, 15, 3, 16 ], "texture": "#texture", "rotation": 180 },
				"up": { "uv": [ 14, 15, 13, 14 ], "texture": "#texture", "rotation": 180 },
				"north": { "uv": [ 2, 7, 3, 9 ], "texture": "#texture" },
				"south": { "uv": [ 3, 9, 2, 7 ], "texture": "#texture" }
			}
		},
		{
			"__comment": "Box20",
			"from": [ 2, 2, 15 ],
			"to": [ 3, 4, 16 ],
			"faces": {
				"down": { "uv": [ 2, 15, 3, 16 ], "texture": "#texture", "rotation": 180 },
				"up": { "uv": [ 14, 15, 13, 14 ], "texture": "#texture", "rotation": 180 },
				"north": { "uv": [ 2, 11, 3, 13 ], "texture": "#texture" },
				"south": { "uv": [ 3, 5, 2, 3 ], "texture": "#texture" }
			}
		}
	]
}