{
	"__comment": "Designed by Jehkoba with Cubik Studio - https://cubik.studio",
	"textures": {
		"particle": "block/jungle_door_bottom",
		"texture": "block/jungle_door_bottom"
	},
	"elements": [ 	 
		{
			"__comment": "Box1",
			"from": [ 0, 0, 0 ],
			"to": [ 3, 16, 3 ],
			"faces": {
				"down": { "uv": [ 0, 13, 3, 16 ], "texture": "#texture" },
				"up": { "uv": [ 0, 0, 3, 3 ], "texture": "#texture" },
				"north": { "uv": [ 14, 0, 15, 16 ], "texture": "#texture" },
				"south": { "uv": [ 1, 0, 2, 16 ], "texture": "#texture" },
				"west": { "uv": [ 0, 0, 3, 16 ], "texture": "#texture" },
				"east": { "uv": [ 3, 0, 0, 16 ], "texture": "#texture" }
			}
		},
		{
			"__comment": "Box2",
			"from": [ 0, 0, 3 ],
			"to": [ 3, 3, 13 ],
			"faces": {
				"down": { "uv": [ 0, 3, 3, 13 ], "texture": "#texture" },
				"up": { "uv": [ 0, 3, 3, 13 ], "texture": "#texture" },
				"north": { "uv": [ 13, 13, 16, 16 ], "texture": "#texture" },
				"south": { "uv": [ 0, 13, 3, 16 ], "texture": "#texture" },
				"west": { "uv": [ 3, 13, 13, 16 ], "texture": "#texture" },
				"east": { "uv": [ 3, 13, 13, 16 ], "texture": "#texture" }
			}
		},
		{
			"__comment": "Box3",
			"from": [ 0, 0, 13 ],
			"to": [ 3, 16, 16 ],
			"faces": {
				"down": { "uv": [ 0, 0, 3, 3 ], "texture": "#texture" },
				"up": { "uv": [ 0, 13, 3, 16 ], "texture": "#texture" },
				"north": { "uv": [ 14, 0, 15, 16 ], "texture": "#texture" },
				"south": { "uv": [ 1, 0, 2, 16 ], "texture": "#texture" },
				"west": { "uv": [ 13, 0, 16, 16 ], "texture": "#texture" },
				"east": { "uv": [ 16, 0, 13, 16 ], "texture": "#texture" }
			}
		},
		{
			"__comment": "Box4",
			"from": [ 0, 14, 3 ],
			"to": [ 3, 16, 13 ],
			"faces": {
				"down": { "uv": [ 0, 3, 3, 13 ], "texture": "#texture" },
				"up": { "uv": [ 0, 3, 3, 13 ], "texture": "#texture" },
				"north": { "uv": [ 13, 0, 16, 2 ], "texture": "#texture" },
				"south": { "uv": [ 0, 0, 3, 2 ], "texture": "#texture" },
				"west": { "uv": [ 3, 0, 13, 2 ], "texture": "#texture" },
				"east": { "uv": [ 13, 0, 3, 2 ], "texture": "#texture" }
			}
		},
		{
			"__comment": "Box5",
			"from": [ 0, 3, 6 ],
			"to": [ 3, 14, 10 ],
			"faces": {
				"down": { "uv": [ 0, 6, 3, 10 ], "texture": "#texture" },
				"up": { "uv": [ 0, 6, 3, 10 ], "texture": "#texture" },
				"north": { "uv": [ 13, 2, 16, 13 ], "texture": "#texture" },
				"south": { "uv": [ 0, 2, 3, 13 ], "texture": "#texture" },
				"west": { "uv": [ 6, 2, 10, 13 ], "texture": "#texture" },
				"east": { "uv": [ 10, 2, 6, 13 ], "texture": "#texture" }
			}
		},
		{
			"__comment": "Box6",
			"from": [ 0.5, 3, 3 ],
			"to": [ 2.5, 14, 13 ],
			"faces": {
				"down": { "uv": [ 0.5, 3, 2.5, 13 ], "texture": "#texture" },
				"up": { "uv": [ 0.5, 3, 2.5, 13 ], "texture": "#texture" },
				"north": { "uv": [ 13.5, 2, 15.5, 13 ], "texture": "#texture" },
				"south": { "uv": [ 0.5, 2, 2.5, 13 ], "texture": "#texture" },
				"west": { "uv": [ 3, 2, 13, 13 ], "texture": "#texture" },
				"east": { "uv": [ 13, 2, 3, 13 ], "texture": "#texture" }
			}
		},
		{
			"__comment": "Box7",
			"from": [ -0.5, 15, 10 ],
			"to": [ 3.5, 16, 14 ],
			"faces": {
				"down": { "uv": [ 0, 2, 3.5, 6 ], "texture": "#texture" },
				"up": { "uv": [ 0, 10, 3.5, 14 ], "texture": "#texture" },
				"north": { "uv": [ 12.5, 0, 16, 1 ], "texture": "#texture" },
				"south": { "uv": [ 0, 0, 3.5, 1 ], "texture": "#texture" },
				"west": { "uv": [ 10, 0, 14, 1 ], "texture": "#texture" },
				"east": { "uv": [ 14, 0, 10, 1 ], "texture": "#texture" }
			}
		},
		{
			"__comment": "Box8",
			"from": [ -0.5, 13.875, 11 ],
			"to": [ 3.5, 14.975, 13 ],
			"faces": {
				"down": { "uv": [ 0, 3, 3.5, 5 ], "texture": "#texture" },
				"up": { "uv": [ 0, 11, 3.5, 13 ], "texture": "#texture" },
				"north": { "uv": [ 12.5, 1.025, 16, 2.125 ], "texture": "#texture" },
				"south": { "uv": [ 0, 1.025, 3.5, 2.125 ], "texture": "#texture" },
				"west": { "uv": [ 11, 1, 13, 2 ], "texture": "#texture" },
				"east": { "uv": [ 13, 1, 11, 2 ], "texture": "#texture" }
			}
		}
	]
}