{
	"__comment": "Designed by Jehkoba with Cubik Studio - https://cubik.studio",
	"parent": "block/block",
	"textures": {
		"particle": "block/jungle_fence",
		"texture": "block/jungle_fence"
	},
	"elements": [ 	 
		{
			"__comment": "Left-hand post",
			"from": [ 0, 0.5, 7 ],
			"to": [ 2, 15.5, 9 ],
			"faces": {
				"down": { "uv": [ 8, 14, 10, 16 ], "texture": "#texture" },
				"up": { "uv": [ 6, 2, 8, 4 ], "texture": "#texture" },
				"north": { "uv": [ 7, 1, 9, 16 ], "texture": "#texture" },
				"south": { "uv": [ 7, 1, 9, 16 ], "texture": "#texture" },
				"west": { "uv": [ 7, 1, 9, 16 ], "texture": "#texture", "cullface": "west" },
				"east": { "uv": [ 7, 1, 9, 16 ], "texture": "#texture" }
			}
		},
		{
			"__comment": "Right-hand post",
			"from": [ 14, 0.5, 7 ],
			"to": [ 16, 15.5, 9 ],
			"faces": {
				"down": { "uv": [ 8, 14, 10, 16 ], "texture": "#texture" },
				"up": { "uv": [ 6, 2, 8, 4 ], "texture": "#texture" },
				"north": { "uv": [ 7, 1, 9, 16 ], "texture": "#texture" },
				"south": { "uv": [ 7, 1, 9, 16 ], "texture": "#texture" },
				"west": { "uv": [ 7, 1, 9, 16 ], "texture": "#texture" },
				"east": { "uv": [ 7, 1, 9, 16 ], "texture": "#texture", "cullface": "east" }
			}
		},
		{
			"__comment": "Inner vertical post of left-hand gate door",
			"from": [ 6, 2, 7 ],
			"to": [ 8, 14, 9 ],
			"faces": {
				"down": { "uv": [ 8, 14, 10, 16 ], "texture": "#texture" },
				"up": { "uv": [ 6, 2, 8, 4 ], "texture": "#texture" },
				"north": { "uv": [ 7, 4, 9, 16 ], "texture": "#texture" },
				"south": { "uv": [ 7, 4, 9, 16 ], "texture": "#texture" },
				"west": { "uv": [ 7, 4, 9, 16 ], "texture": "#texture" },
				"east": { "uv": [ 7, 4, 9, 16 ], "texture": "#texture" }
			}
		},
		{
			"__comment": "Inner vertical post of right-hand gate door",
			"from": [ 8, 2, 7 ],
			"to": [ 10, 14, 9 ],
			"faces": {
				"down": { "uv": [ 8, 14, 10, 16 ], "texture": "#texture" },
				"up": { "uv": [ 6, 2, 8, 4 ], "texture": "#texture" },
				"north": { "uv": [ 7, 4, 9, 16 ], "texture": "#texture" },
				"south": { "uv": [ 7, 4, 9, 16 ], "texture": "#texture" },
				"west": { "uv": [ 7, 4, 9, 16 ], "texture": "#texture" },
				"east": { "uv": [ 7, 4, 9, 16 ], "texture": "#texture" }
			}
		},
		{
			"__comment": "Lower horizontal bar of left-hand gate door",
			"from": [ 2, 2, 7.5 ],
			"to": [ 6, 5, 8.5 ],
			"faces": {
				"down": { "uv": [ 2, 7, 6, 8 ], "texture": "#texture" },
				"up": { "uv": [ 2, 8, 6, 9 ], "texture": "#texture" },
				"north": { "uv": [ 10, 1, 6, 4 ], "texture": "#texture" },
				"south": { "uv": [ 6, 1, 10, 4 ], "texture": "#texture" }
			}
		},
		{
			"__comment": "Upper horizontal bar of left-hand gate door",
			"from": [ 2, 11, 7.5 ],
			"to": [ 6, 14, 8.5 ],
			"faces": {
				"down": { "uv": [ 2, 7, 6, 8 ], "texture": "#texture" },
				"up": { "uv": [ 2, 8, 6, 9 ], "texture": "#texture" },
				"north": { "uv": [ 10, 1, 6, 4 ], "texture": "#texture" },
				"south": { "uv": [ 6, 1, 10, 4 ], "texture": "#texture" }
			}
		},
		{
			"__comment": "Lower horizontal bar of right-hand gate door",
			"from": [ 10, 2, 7.5 ],
			"to": [ 14, 5, 8.5 ],
			"faces": {
				"down": { "uv": [ 10, 7, 14, 8 ], "texture": "#texture" },
				"up": { "uv": [ 10, 8, 14, 9 ], "texture": "#texture" },
				"north": { "uv": [ 6, 1, 10, 4 ], "texture": "#texture" },
				"south": { "uv": [ 10, 1, 6, 4 ], "texture": "#texture" }
			}
		},
		{
			"__comment": "Upper horizontal bar of right-hand gate door",
			"from": [ 10, 11, 7.5 ],
			"to": [ 14, 14, 8.5 ],
			"faces": {
				"down": { "uv": [ 10, 7, 14, 8 ], "texture": "#texture" },
				"up": { "uv": [ 10, 8, 14, 9 ], "texture": "#texture" },
				"north": { "uv": [ 6, 1, 10, 4 ], "texture": "#texture" },
				"south": { "uv": [ 10, 1, 6, 4 ], "texture": "#texture" }
			}
		},
		{
			"__comment": "Box9",
			"from": [ 3.5, 5, 7.5 ],
			"to": [ 4.5, 11, 8.5 ],
			"faces": {
				"down": { "uv": [ 4, 8, 5, 9 ], "texture": "#texture" },
				"up": { "uv": [ 3, 7, 4, 8 ], "texture": "#texture" },
				"north": { "uv": [ 12, 5, 13, 11 ], "texture": "#texture" },
				"south": { "uv": [ 12, 5, 13, 11 ], "texture": "#texture" },
				"west": { "uv": [ 12, 5, 13, 11 ], "texture": "#texture" },
				"east": { "uv": [ 12, 5, 13, 11 ], "texture": "#texture" }
			}
		},
		{
			"__comment": "Box9",
			"from": [ 11.5, 5, 7.5 ],
			"to": [ 12.5, 11, 8.5 ],
			"faces": {
				"down": { "uv": [ 4, 8, 5, 9 ], "texture": "#texture" },
				"up": { "uv": [ 3, 7, 4, 8 ], "texture": "#texture" },
				"north": { "uv": [ 12, 5, 13, 11 ], "texture": "#texture" },
				"south": { "uv": [ 12, 5, 13, 11 ], "texture": "#texture" },
				"west": { "uv": [ 12, 5, 13, 11 ], "texture": "#texture" },
				"east": { "uv": [ 12, 5, 13, 11 ], "texture": "#texture" }
			}
		}
	],
	"display": {
		"gui": {
			"rotation":  [ 30, 45, 0 ],
			"translation":  [ 0, -1, 0 ],
			"scale":  [ 0.8, 0.8, 0.8 ]
		},
		"head": {
			"translation":  [ 0, -3, -6 ]
		}
	}
}