{
	"__comment": "Designed by Jehkoba with Cubik Studio - https://cubik.studio",
	"textures": {
		"particle": "block/oak_fence",
		"texture": "block/oak_fence"
	},
	"elements": [ 	 
		{
			"__comment": "Box4",
			"from": [ 7, 11, 0 ],
			"to": [ 9, 15, 6.5 ],
			"faces": {
				"down": { "uv": [ 7, 9.5, 9, 16 ], "texture": "#texture" },
				"up": { "uv": [ 7, 0, 9, 6.5 ], "texture": "#texture" },
				"north": { "uv": [ 4, 1, 6, 5 ], "texture": "#texture" },
				"south": { "uv": [ 10, 1, 12, 5 ], "texture": "#texture" },
				"west": { "uv": [ 0, 1, 6.5, 5 ], "texture": "#texture" },
				"east": { "uv": [ 9.5, 1, 16, 5 ], "texture": "#texture" }
			}
		},
		{
			"__comment": "Box6",
			"from": [ 7, 3, 0 ],
			"to": [ 9, 7, 6.5 ],
			"faces": {
				"down": { "uv": [ 7, 9.5, 9, 16 ], "texture": "#texture" },
				"up": { "uv": [ 7, 0, 9, 6.5 ], "texture": "#texture" },
				"north": { "uv": [ 4, 8, 6, 12 ], "texture": "#texture" },
				"south": { "uv": [ 10, 8, 12, 12 ], "texture": "#texture" },
				"west": { "uv": [ 0, 8, 6.5, 12 ], "texture": "#texture" },
				"east": { "uv": [ 9.5, 8, 16, 12 ], "texture": "#texture" }
			}
		}
	]
}