{
"__comment": "Designed by Jehkoba with BDcraft Cubik PRO 0.87 Beta - http://bdcraft.net",
"parent": "block/block", 
"textures": {
    "particle": "block/rail",
    "texture": "block/rail",
    "rail_golden_powered": "block/powered_rail_on"
},
"elements": [ 
{
    "from": [ 2, 0.5, -0.5 ],
    "to": [ 4, 1.5, 23 ],
    "rotation": { "origin": [ 2, 1.5, -0.5 ], "axis": "x", "angle": -45 },
    "faces": {
        "down":  { "uv": [ 14, 16, 12, 0 ], "texture": "#texture" },
        "up":    { "uv": [ 2, 0, 4, 16 ], "texture": "#texture" },
        "north": { "uv": [ 12, 14, 14, 15 ], "texture": "#texture" },
        "south": { "uv": [ 2, 14, 4, 15 ], "texture": "#texture" },
        "west":  { "uv": [ 2, 1, 3, 2 ], "texture": "#texture" },
        "east":  { "uv": [ 3, 1, 4, 2 ], "texture": "#texture" }
    }
},
{
    "from": [ 12, 0.5, -0.5 ],
    "to": [ 14, 1.5, 23 ],
    "rotation": { "origin": [ 12, 1.5, -0.5 ], "axis": "x", "angle": -45 },
    "faces": {
        "down":  { "uv": [ 4, 16, 2, 0 ], "texture": "#texture" },
        "up":    { "uv": [ 12, 0, 14, 16 ], "texture": "#texture" },
        "north": { "uv": [ 2, 14, 4, 15 ], "texture": "#texture" },
        "south": { "uv": [ 12, 14, 14, 15 ], "texture": "#texture" },
        "west":  { "uv": [ 3, 14, 4, 15 ], "texture": "#texture" },
        "east":  { "uv": [ 2, 14, 3, 15 ], "texture": "#texture" }
    }
},
{
    "from": [ 1, 12, 12.5 ],
    "to": [ 15, 13, 15.5 ],
    "rotation": { "origin": [ 1, 13, 12.5 ], "axis": "x", "angle": -45 },
    "faces": {
        "down":  { "uv": [ 12, 15, 4, 12 ], "texture": "#texture" },
        "up":    { "uv": [ 4, 12, 12, 15 ], "texture": "#texture" },
        "north": { "uv": [ 4, 13, 12, 14 ], "texture": "#texture" },
        "south": { "uv": [ 4, 13, 12, 14 ], "texture": "#texture" },
        "west":  { "uv": [ 8, 13, 11, 14 ], "texture": "#texture" },
        "east":  { "uv": [ 9, 13, 12, 14 ], "texture": "#texture" }
    }
},
{
    "from": [ 1, 7, 7.5 ],
    "to": [ 15, 8, 10.5 ],
    "rotation": { "origin": [ 1, 8, 7.5 ], "axis": "x", "angle": -45 },
    "faces": {
        "down":  { "uv": [ 12, 10, 4, 7 ], "texture": "#texture" },
        "up":    { "uv": [ 4, 7, 12, 10 ], "texture": "#texture" },
        "north": { "uv": [ 4, 8, 12, 9 ], "texture": "#texture" },
        "south": { "uv": [ 4, 8, 12, 9 ], "texture": "#texture" },
        "west":  { "uv": [ 8, 8, 11, 9 ], "texture": "#texture" },
        "east":  { "uv": [ 9, 3, 12, 4 ], "texture": "#texture" }
    }
},
{
    "from": [ 1, 2, 2.5 ],
    "to": [ 15, 3, 5.5 ],
    "rotation": { "origin": [ 1, 3, 2.5 ], "axis": "x", "angle": -45 },
    "faces": {
        "down":  { "uv": [ 12, 5, 4, 2 ], "texture": "#texture" },
        "up":    { "uv": [ 4, 2, 12, 5 ], "texture": "#texture" },
        "north": { "uv": [ 4, 3, 12, 4 ], "texture": "#texture" },
        "south": { "uv": [ 4, 3, 12, 4 ], "texture": "#texture" },
        "west":  { "uv": [ 9, 3, 12, 4 ], "texture": "#texture" },
        "east":  { "uv": [ 8, 3, 11, 4 ], "texture": "#texture" }
    }
},
{
    "from": [ 4, 12.8125, 11.6875 ],
    "to": [ 12, 13.8125, 14.6875 ],
    "rotation": { "origin": [ 4, 13.8125, 11.6875 ], "axis": "x", "angle": -45 },
    "faces": {
        "down":  { "uv": [ 12, 5, 4, 2 ], "texture": "#rail_golden_powered" },
        "up":    { "uv": [ 4, 2, 12, 5 ], "texture": "#rail_golden_powered" },
        "north": { "uv": [ 4, 2, 12, 3 ], "texture": "#rail_golden_powered" },
        "south": { "uv": [ 4, 4, 12, 5 ], "texture": "#rail_golden_powered" },
        "west":  { "uv": [ 4, 3, 5, 4 ], "texture": "#rail_golden_powered" },
        "east":  { "uv": [ 11, 3, 12, 4 ], "texture": "#rail_golden_powered" }
    }
},
{
    "from": [ 4, 7.8125, 6.75 ],
    "to": [ 12, 8.8125, 9.75 ],
    "rotation": { "origin": [ 4, 8.8125, 6.75 ], "axis": "x", "angle": -45 },
    "faces": {
        "down":  { "uv": [ 12, 5, 4, 2 ], "texture": "#rail_golden_powered" },
        "up":    { "uv": [ 4, 2, 12, 5 ], "texture": "#rail_golden_powered" },
        "north": { "uv": [ 4, 2, 12, 3 ], "texture": "#rail_golden_powered" },
        "south": { "uv": [ 4, 4, 12, 5 ], "texture": "#rail_golden_powered" },
        "west":  { "uv": [ 4, 3, 5, 4 ], "texture": "#rail_golden_powered" },
        "east":  { "uv": [ 11, 3, 12, 4 ], "texture": "#rail_golden_powered" }
    }
},
{
    "from": [ 4, 2.75, 1.6875 ],
    "to": [ 12, 3.75, 4.6875 ],
    "rotation": { "origin": [ 4, 3.75, 1.6875 ], "axis": "x", "angle": -45 },
    "faces": {
        "down":  { "uv": [ 12, 5, 4, 2 ], "texture": "#rail_golden_powered" },
        "up":    { "uv": [ 4, 2, 12, 5 ], "texture": "#rail_golden_powered" },
        "north": { "uv": [ 4, 2, 12, 3 ], "texture": "#rail_golden_powered" },
        "south": { "uv": [ 4, 4, 12, 5 ], "texture": "#rail_golden_powered" },
        "west":  { "uv": [ 4, 3, 5, 4 ], "texture": "#rail_golden_powered" },
        "east":  { "uv": [ 11, 3, 12, 4 ], "texture": "#rail_golden_powered" }
    }
}
]
}