{
"__comment": "Designed by Jehkoba with BDcraft Cubik PRO 0.87 Beta - http://bdcraft.net",
"parent": "block/block", 
"textures": {
    "particle": "block/rail_corner",
    "texture": "block/rail_corner"
},
"elements": [ 
{
    "from": [ 1, 0, 11 ],
    "to": [ 2, 1, 13 ],
    "faces": {
        "down":  { "uv": [ 2, 13, 1, 11 ], "texture": "#texture" },
        "up":    { "uv": [ 1, 11, 2, 13 ], "texture": "#texture" },
        "north": { "uv": [ 1, 11, 2, 12 ], "texture": "#texture" },
        "south": { "uv": [ 1, 12, 2, 13 ], "texture": "#texture" },
        "west":  { "uv": [ 1, 11, 3, 12 ], "texture": "#texture" },
        "east":  { "uv": [ 1, 11, 3, 12 ], "texture": "#texture" }
    }
},
{
    "from": [ 7, 0, 12 ],
    "to": [ 10, 1, 15 ],
    "faces": {
        "down":  { "uv": [ 10, 15, 7, 12 ], "texture": "#texture" },
        "up":    { "uv": [ 7, 12, 10, 15 ], "texture": "#texture" },
        "north": { "uv": [ 7, 12, 10, 13 ], "texture": "#texture" },
        "south": { "uv": [ 7, 14, 10, 15 ], "texture": "#texture" },
        "west":  { "uv": [ 7, 13, 10, 14 ], "texture": "#texture" },
        "east":  { "uv": [ 7, 13, 10, 14 ], "texture": "#texture" }
    }
},
{
    "from": [ 4, 0, 11 ],
    "to": [ 7, 1, 14 ],
    "faces": {
        "down":  { "uv": [ 10, 15, 7, 12 ], "texture": "#texture" },
        "up":    { "uv": [ 7, 12, 10, 15 ], "texture": "#texture" },
        "north": { "uv": [ 7, 12, 10, 13 ], "texture": "#texture" },
        "south": { "uv": [ 7, 14, 10, 15 ], "texture": "#texture" },
        "west":  { "uv": [ 7, 13, 10, 14 ], "texture": "#texture" },
        "east":  { "uv": [ 7, 13, 10, 14 ], "texture": "#texture" }
    }
},
{
    "from": [ 2, 0, 10 ],
    "to": [ 5, 1, 13 ],
    "faces": {
        "down":  { "uv": [ 10, 15, 7, 12 ], "texture": "#texture" },
        "up":    { "uv": [ 7, 12, 10, 15 ], "texture": "#texture" },
        "north": { "uv": [ 7, 12, 10, 13 ], "texture": "#texture" },
        "south": { "uv": [ 7, 14, 10, 15 ], "texture": "#texture" },
        "west":  { "uv": [ 7, 13, 10, 14 ], "texture": "#texture" },
        "east":  { "uv": [ 7, 13, 10, 14 ], "texture": "#texture" }
    }
},
{
    "from": [ 10, 0, 13 ],
    "to": [ 13, 1, 16 ],
    "faces": {
        "down":  { "uv": [ 10, 15, 7, 12 ], "texture": "#texture" },
        "up":    { "uv": [ 7, 12, 10, 15 ], "texture": "#texture" },
        "north": { "uv": [ 7, 12, 10, 13 ], "texture": "#texture" },
        "south": { "uv": [ 7, 14, 10, 15 ], "texture": "#texture" },
        "west":  { "uv": [ 7, 13, 10, 14 ], "texture": "#texture" },
        "east":  { "uv": [ 7, 13, 10, 14 ], "texture": "#texture" }
    }
},
{
    "from": [ 12, 0, 7 ],
    "to": [ 15, 1, 10 ],
    "faces": {
        "down":  { "uv": [ 15, 10, 12, 7 ], "texture": "#texture" },
        "up":    { "uv": [ 12, 7, 15, 10 ], "texture": "#texture" },
        "north": { "uv": [ 7, 12, 10, 13 ], "texture": "#texture" },
        "south": { "uv": [ 7, 14, 10, 15 ], "texture": "#texture" },
        "west":  { "uv": [ 7, 13, 10, 14 ], "texture": "#texture" },
        "east":  { "uv": [ 7, 13, 10, 14 ], "texture": "#texture" }
    }
},
{
    "from": [ 13, 0, 10 ],
    "to": [ 16, 1, 13 ],
    "faces": {
        "down":  { "uv": [ 15, 10, 12, 7 ], "texture": "#texture" },
        "up":    { "uv": [ 12, 7, 15, 10 ], "texture": "#texture" },
        "north": { "uv": [ 7, 12, 10, 13 ], "texture": "#texture" },
        "south": { "uv": [ 7, 14, 10, 15 ], "texture": "#texture" },
        "west":  { "uv": [ 7, 13, 10, 14 ], "texture": "#texture" },
        "east":  { "uv": [ 7, 13, 10, 14 ], "texture": "#texture" }
    }
},
{
    "from": [ 11, 0, 4 ],
    "to": [ 14, 1, 7 ],
    "faces": {
        "down":  { "uv": [ 15, 10, 12, 7 ], "texture": "#texture" },
        "up":    { "uv": [ 12, 7, 15, 10 ], "texture": "#texture" },
        "north": { "uv": [ 7, 12, 10, 13 ], "texture": "#texture" },
        "south": { "uv": [ 7, 14, 10, 15 ], "texture": "#texture" },
        "west":  { "uv": [ 7, 13, 10, 14 ], "texture": "#texture" },
        "east":  { "uv": [ 7, 13, 10, 14 ], "texture": "#texture" }
    }
},
{
    "from": [ 10, 0, 2 ],
    "to": [ 13, 1, 5 ],
    "faces": {
        "down":  { "uv": [ 15, 10, 12, 7 ], "texture": "#texture" },
        "up":    { "uv": [ 12, 7, 15, 10 ], "texture": "#texture" },
        "north": { "uv": [ 7, 12, 10, 13 ], "texture": "#texture" },
        "south": { "uv": [ 7, 14, 10, 15 ], "texture": "#texture" },
        "west":  { "uv": [ 7, 13, 10, 14 ], "texture": "#texture" },
        "east":  { "uv": [ 7, 13, 10, 14 ], "texture": "#texture" }
    }
},
{
    "from": [ 11, 0, 1 ],
    "to": [ 13, 1, 2 ],
    "faces": {
        "down":  { "uv": [ 13, 2, 11, 1 ], "texture": "#texture" },
        "up":    { "uv": [ 11, 1, 13, 2 ], "texture": "#texture" },
        "north": { "uv": [ 11, 1, 12, 2 ], "texture": "#texture" },
        "south": { "uv": [ 11, 1, 12, 2 ], "texture": "#texture" },
        "west":  { "uv": [ 11, 1, 12, 2 ], "texture": "#texture" },
        "east":  { "uv": [ 11, 1, 12, 2 ], "texture": "#texture" }
    }
},
{
    "from": [ 13, 0, 13 ],
    "to": [ 15, 1, 16 ],
    "faces": {
        "down":  { "uv": [ 12, 16, 10, 13 ], "texture": "#texture" },
        "up":    { "uv": [ 10, 13, 12, 16 ], "texture": "#texture" },
        "north": { "uv": [ 10, 14, 12, 15 ], "texture": "#texture" },
        "south": { "uv": [ 10, 14, 12, 15 ], "texture": "#texture" },
        "west":  { "uv": [ 7, 13, 10, 14 ], "texture": "#texture" },
        "east":  { "uv": [ 7, 13, 10, 14 ], "texture": "#texture" }
    }
},
{
    "from": [ 15, 0, 13 ],
    "to": [ 16, 1, 15 ],
    "faces": {
        "down":  { "uv": [ 2, 13, 1, 11 ], "texture": "#texture" },
        "up":    { "uv": [ 1, 11, 2, 13 ], "texture": "#texture" },
        "north": { "uv": [ 1, 11, 2, 12 ], "texture": "#texture" },
        "south": { "uv": [ 1, 12, 2, 13 ], "texture": "#texture" },
        "west":  { "uv": [ 1, 11, 3, 12 ], "texture": "#texture" },
        "east":  { "uv": [ 1, 11, 3, 12 ], "texture": "#texture" }
    }
},
{
    "from": [ 2, 1, 12 ],
    "to": [ 4, 2, 16 ],
    "faces": {
        "down":  { "uv": [ 15, 14, 13, 13 ], "texture": "#texture" },
        "up":    { "uv": [ 2, 12, 4, 16 ], "texture": "#texture" },
        "north": { "uv": [ 13, 13, 15, 14 ], "texture": "#texture" },
        "south": { "uv": [ 2, 12, 4, 13 ], "texture": "#texture" },
        "west":  { "uv": [ 2, 15, 3, 16 ], "texture": "#texture" },
        "east":  { "uv": [ 3, 12, 4, 13 ], "texture": "#texture" }
    }
},
{
    "from": [ 3, 1, 10 ],
    "to": [ 5, 2, 12 ],
    "faces": {
        "down":  { "uv": [ 14, 16, 12, 14 ], "texture": "#texture" },
        "up":    { "uv": [ 3, 10, 5, 12 ], "texture": "#texture" },
        "north": { "uv": [ 13, 13, 15, 14 ], "texture": "#texture" },
        "south": { "uv": [ 3, 10, 5, 11 ], "texture": "#texture" },
        "west":  { "uv": [ 14, 13, 15, 14 ], "texture": "#texture" },
        "east":  { "uv": [ 4, 10, 5, 11 ], "texture": "#texture" }
    }
},
{
    "from": [ 5, 1, 7 ],
    "to": [ 7, 2, 8 ],
    "faces": {
        "down":  { "uv": [ 15, 14, 13, 13 ], "texture": "#texture" },
        "up":    { "uv": [ 5, 7, 7, 8 ], "texture": "#texture" },
        "north": { "uv": [ 13, 13, 15, 14 ], "texture": "#texture" },
        "south": { "uv": [ 2, 12, 4, 13 ], "texture": "#texture" },
        "west":  { "uv": [ 2, 15, 3, 16 ], "texture": "#texture" },
        "east":  { "uv": [ 3, 12, 4, 13 ], "texture": "#texture" }
    }
},
{
    "from": [ 7, 1, 5 ],
    "to": [ 8, 2, 6 ],
    "faces": {
        "down":  { "uv": [ 8, 6, 7, 5 ], "texture": "#texture" },
        "up":    { "uv": [ 7, 5, 8, 6 ], "texture": "#texture" },
        "north": { "uv": [ 7, 5, 8, 6 ], "texture": "#texture" },
        "south": { "uv": [ 7, 5, 8, 6 ], "texture": "#texture" },
        "west":  { "uv": [ 7, 5, 8, 6 ], "texture": "#texture" },
        "east":  { "uv": [ 7, 5, 8, 6 ], "texture": "#texture" }
    }
},
{
    "from": [ 8, 1, 4 ],
    "to": [ 10, 2, 6 ],
    "faces": {
        "down":  { "uv": [ 10, 6, 8, 4 ], "texture": "#texture" },
        "up":    { "uv": [ 8, 4, 10, 6 ], "texture": "#texture" },
        "north": { "uv": [ 8, 4, 10, 5 ], "texture": "#texture" },
        "south": { "uv": [ 8, 5, 10, 6 ], "texture": "#texture" },
        "west":  { "uv": [ 8, 4, 10, 5 ], "texture": "#texture" },
        "east":  { "uv": [ 8, 5, 10, 6 ], "texture": "#texture" }
    }
},
{
    "from": [ 10, 1, 3 ],
    "to": [ 12, 2, 5 ],
    "faces": {
        "down":  { "uv": [ 10, 6, 8, 4 ], "texture": "#texture" },
        "up":    { "uv": [ 8, 4, 10, 6 ], "texture": "#texture" },
        "north": { "uv": [ 8, 4, 10, 5 ], "texture": "#texture" },
        "south": { "uv": [ 8, 5, 10, 6 ], "texture": "#texture" },
        "west":  { "uv": [ 8, 4, 10, 5 ], "texture": "#texture" },
        "east":  { "uv": [ 8, 5, 10, 6 ], "texture": "#texture" }
    }
},
{
    "from": [ 12, 1, 2 ],
    "to": [ 16, 2, 4 ],
    "faces": {
        "down":  { "uv": [ 16, 4, 12, 2 ], "texture": "#texture" },
        "up":    { "uv": [ 12, 2, 16, 4 ], "texture": "#texture" },
        "north": { "uv": [ 8, 4, 10, 5 ], "texture": "#texture" },
        "south": { "uv": [ 8, 5, 10, 6 ], "texture": "#texture" },
        "west":  { "uv": [ 8, 4, 10, 5 ], "texture": "#texture" },
        "east":  { "uv": [ 13, 13, 15, 14 ], "texture": "#texture" }
    }
},
{
    "from": [ 6, 1, 6 ],
    "to": [ 8, 2, 7 ],
    "faces": {
        "down":  { "uv": [ 15, 14, 13, 13 ], "texture": "#texture" },
        "up":    { "uv": [ 5, 7, 7, 8 ], "texture": "#texture" },
        "north": { "uv": [ 13, 13, 15, 14 ], "texture": "#texture" },
        "south": { "uv": [ 2, 12, 4, 13 ], "texture": "#texture" },
        "west":  { "uv": [ 2, 15, 3, 16 ], "texture": "#texture" },
        "east":  { "uv": [ 3, 12, 4, 13 ], "texture": "#texture" }
    }
},
{
    "from": [ 4, 1, 8 ],
    "to": [ 6, 2, 10 ],
    "faces": {
        "down":  { "uv": [ 14, 16, 12, 14 ], "texture": "#texture" },
        "up":    { "uv": [ 3, 10, 5, 12 ], "texture": "#texture" },
        "north": { "uv": [ 13, 13, 15, 14 ], "texture": "#texture" },
        "south": { "uv": [ 3, 10, 5, 11 ], "texture": "#texture" },
        "west":  { "uv": [ 14, 13, 15, 14 ], "texture": "#texture" },
        "east":  { "uv": [ 4, 10, 5, 11 ], "texture": "#texture" }
    }
},
{
    "from": [ 12, 1, 14 ],
    "to": [ 14, 2, 16 ],
    "faces": {
        "down":  { "uv": [ 14, 16, 12, 14 ], "texture": "#texture" },
        "up":    { "uv": [ 12, 14, 14, 16 ], "texture": "#texture" },
        "north": { "uv": [ 2, 12, 4, 13 ], "texture": "#texture" },
        "south": { "uv": [ 13, 13, 15, 14 ], "texture": "#texture" },
        "west":  { "uv": [ 13, 13, 14, 14 ], "texture": "#texture" },
        "east":  { "uv": [ 3, 10, 4, 11 ], "texture": "#texture" }
    }
},
{
    "from": [ 13, 1, 13 ],
    "to": [ 14, 2, 14 ],
    "faces": {
        "down":  { "uv": [ 14, 14, 13, 13 ], "texture": "#texture" },
        "up":    { "uv": [ 13, 13, 14, 14 ], "texture": "#texture" },
        "north": { "uv": [ 13, 13, 14, 14 ], "texture": "#texture" },
        "south": { "uv": [ 13, 13, 14, 14 ], "texture": "#texture" },
        "west":  { "uv": [ 13, 13, 14, 14 ], "texture": "#texture" },
        "east":  { "uv": [ 13, 13, 14, 14 ], "texture": "#texture" }
    }
},
{
    "from": [ 14, 1, 12 ],
    "to": [ 16, 2, 14 ],
    "faces": {
        "down":  { "uv": [ 14, 4, 12, 2 ], "texture": "#texture" },
        "up":    { "uv": [ 14, 12, 16, 14 ], "texture": "#texture" },
        "north": { "uv": [ 14, 12, 16, 13 ], "texture": "#texture" },
        "south": { "uv": [ 14, 13, 16, 14 ], "texture": "#texture" },
        "west":  { "uv": [ 12, 14, 14, 15 ], "texture": "#texture" },
        "east":  { "uv": [ 2, 14, 4, 15 ], "texture": "#texture" }
    }
}
]
}