{
"__comment": "Designed by Jehkoba with BDcraft Cubik PRO 0.87 Beta - http://bdcraft.net",
"parent": "block/block", 
"textures": {
    "particle": "block/rail",
    "texture": "block/rail"
},
"elements": [ 
{
    "from": [ 2, 1, 0 ],
    "to": [ 4, 2, 16 ],
    "faces": {
        "down":  { "uv": [ 14, 16, 12, 0 ], "texture": "#texture" },
        "up":    { "uv": [ 2, 0, 4, 16 ], "texture": "#texture" },
        "north": { "uv": [ 12, 14, 14, 15 ], "texture": "#texture", "cullface": "north" },
        "south": { "uv": [ 2, 14, 4, 15 ], "texture": "#texture", "cullface": "south" },
        "west":  { "uv": [ 2, 1, 3, 2 ], "texture": "#texture" },
        "east":  { "uv": [ 3, 1, 4, 2 ], "texture": "#texture" }
    }
},
{
    "from": [ 12, 1, 0 ],
    "to": [ 14, 2, 16 ],
    "faces": {
        "down":  { "uv": [ 4, 16, 2, 0 ], "texture": "#texture" },
        "up":    { "uv": [ 12, 0, 14, 16 ], "texture": "#texture" },
        "north": { "uv": [ 2, 14, 4, 15 ], "texture": "#texture", "cullface": "north" },
        "south": { "uv": [ 12, 14, 14, 15 ], "texture": "#texture", "cullface": "south" },
        "west":  { "uv": [ 3, 14, 4, 15 ], "texture": "#texture" },
        "east":  { "uv": [ 2, 14, 3, 15 ], "texture": "#texture" }
    }
},
{
    "from": [ 1, 0, 12 ],
    "to": [ 15, 1, 15 ],
    "faces": {
        "down":  { "uv": [ 12, 15, 4, 12 ], "texture": "#texture", "cullface": "down" },
        "up":    { "uv": [ 4, 12, 12, 15 ], "texture": "#texture" },
        "north": { "uv": [ 4, 13, 12, 14 ], "texture": "#texture" },
        "south": { "uv": [ 4, 13, 12, 14 ], "texture": "#texture" },
        "west":  { "uv": [ 8, 13, 11, 14 ], "texture": "#texture" },
        "east":  { "uv": [ 9, 13, 12, 14 ], "texture": "#texture" }
    }
},
{
    "from": [ 1, 0, 7 ],
    "to": [ 15, 1, 10 ],
    "faces": {
        "down":  { "uv": [ 12, 10, 4, 7 ], "texture": "#texture", "cullface": "down" },
        "up":    { "uv": [ 4, 7, 12, 10 ], "texture": "#texture" },
        "north": { "uv": [ 4, 8, 12, 9 ], "texture": "#texture" },
        "south": { "uv": [ 4, 8, 12, 9 ], "texture": "#texture" },
        "west":  { "uv": [ 8, 8, 11, 9 ], "texture": "#texture" },
        "east":  { "uv": [ 9, 3, 12, 4 ], "texture": "#texture" }
    }
},
{
    "from": [ 1, 0, 2 ],
    "to": [ 15, 1, 5 ],
    "faces": {
        "down":  { "uv": [ 12, 5, 4, 2 ], "texture": "#texture", "cullface": "down" },
        "up":    { "uv": [ 4, 2, 12, 5 ], "texture": "#texture" },
        "north": { "uv": [ 4, 3, 12, 4 ], "texture": "#texture" },
        "south": { "uv": [ 4, 3, 12, 4 ], "texture": "#texture" },
        "west":  { "uv": [ 9, 3, 12, 4 ], "texture": "#texture" },
        "east":  { "uv": [ 8, 3, 11, 4 ], "texture": "#texture" }
    }
}
]
}