{
	"__comment": "Designed by Jehkoba with Cubik Studio - https://cubik.studio",
	"textures": {
		"particle": "block/spruce_door_bottom",
		"texture": "block/spruce_door_bottom"
	},
	"elements": [ 	 
		{
			"__comment": "Box1",
			"from": [ 0, 0, 0 ],
			"to": [ 2, 16, 2 ],
			"faces": {
				"down": { "uv": [ 0, 14, 2, 16 ], "texture": "#texture" },
				"up": { "uv": [ 0, 0, 2, 2 ], "texture": "#texture" },
				"north": { "uv": [ 14, 0, 16, 16 ], "texture": "#texture" },
				"south": { "uv": [ 0, 0, 2, 16 ], "texture": "#texture" },
				"west": { "uv": [ 0, 0, 2, 16 ], "texture": "#texture" },
				"east": { "uv": [ 16, 0, 14, 16 ], "texture": "#texture" }
			}
		},
		{
			"__comment": "Box2",
			"from": [ 0, 0, 2 ],
			"to": [ 2, 2, 14 ],
			"faces": {
				"down": { "uv": [ 0, 2, 2, 14 ], "texture": "#texture" },
				"up": { "uv": [ 0, 2, 2, 14 ], "texture": "#texture" },
				"north": { "uv": [ 14, 14, 16, 16 ], "texture": "#texture" },
				"south": { "uv": [ 0, 14, 2, 16 ], "texture": "#texture" },
				"west": { "uv": [ 2, 14, 14, 16 ], "texture": "#texture" },
				"east": { "uv": [ 14, 14, 2, 16 ], "texture": "#texture" }
			}
		},
		{
			"__comment": "Box3",
			"from": [ 0, 0, 14 ],
			"to": [ 2, 16, 16 ],
			"faces": {
				"down": { "uv": [ 0, 0, 2, 2 ], "texture": "#texture" },
				"up": { "uv": [ 0, 14, 2, 16 ], "texture": "#texture" },
				"north": { "uv": [ 14, 0, 16, 16 ], "texture": "#texture" },
				"south": { "uv": [ 0, 0, 2, 16 ], "texture": "#texture" },
				"west": { "uv": [ 14, 0, 16, 16 ], "texture": "#texture" },
				"east": { "uv": [ 2, 0, 0, 16 ], "texture": "#texture" }
			}
		},
		{
			"__comment": "Box4",
			"from": [ 0, 2, 2 ],
			"to": [ 2, 4, 14 ],
			"faces": {
				"down": { "uv": [ 0, 2, 2, 14 ], "texture": "#texture" },
				"up": { "uv": [ 0, 2, 2, 14 ], "texture": "#texture" },
				"north": { "uv": [ 14, 12, 16, 14 ], "texture": "#texture" },
				"south": { "uv": [ 0, 12, 2, 14 ], "texture": "#texture" },
				"west": { "uv": [ 2, 12, 14, 14 ], "texture": "#texture" },
				"east": { "uv": [ 14, 12, 2, 14 ], "texture": "#texture" }
			}
		},
		{
			"__comment": "Box5",
			"from": [ 0, 5, 2 ],
			"to": [ 2, 8, 14 ],
			"faces": {
				"down": { "uv": [ 0, 2, 2, 14 ], "texture": "#texture" },
				"up": { "uv": [ 0, 2, 2, 14 ], "texture": "#texture" },
				"north": { "uv": [ 14, 8, 16, 11 ], "texture": "#texture" },
				"south": { "uv": [ 0, 8, 2, 11 ], "texture": "#texture" },
				"west": { "uv": [ 2, 8, 14, 11 ], "texture": "#texture" },
				"east": { "uv": [ 14, 8, 2, 11 ], "texture": "#texture" }
			}
		},
		{
			"__comment": "Box6",
			"from": [ 0, 9, 2 ],
			"to": [ 2, 12, 14 ],
			"faces": {
				"down": { "uv": [ 0, 2, 2, 14 ], "texture": "#texture" },
				"up": { "uv": [ 0, 2, 2, 14 ], "texture": "#texture" },
				"north": { "uv": [ 14, 4, 16, 7 ], "texture": "#texture" },
				"south": { "uv": [ 0, 4, 2, 7 ], "texture": "#texture" },
				"west": { "uv": [ 2, 4, 14, 7 ], "texture": "#texture" },
				"east": { "uv": [ 14, 4, 2, 7 ], "texture": "#texture" }
			}
		},
		{
			"__comment": "Box7",
			"from": [ 0, 13, 2 ],
			"to": [ 2, 16, 14 ],
			"faces": {
				"down": { "uv": [ 0, 2, 2, 14 ], "texture": "#texture" },
				"up": { "uv": [ 0, 2, 2, 14 ], "texture": "#texture" },
				"north": { "uv": [ 14, 0, 16, 3 ], "texture": "#texture" },
				"south": { "uv": [ 0, 0, 2, 3 ], "texture": "#texture" },
				"west": { "uv": [ 2, 0, 14, 3 ], "texture": "#texture" },
				"east": { "uv": [ 14, 0, 2, 3 ], "texture": "#texture" }
			}
		},
		{
			"__comment": "Box8",
			"from": [ 0.5, 4, 2 ],
			"to": [ 1.5, 13, 14 ],
			"faces": {
				"down": { "uv": [ 0.5, 2, 1.5, 14 ], "texture": "#texture" },
				"up": { "uv": [ 0.5, 2, 1.5, 14 ], "texture": "#texture" },
				"north": { "uv": [ 14.5, 3, 15.5, 12 ], "texture": "#texture" },
				"south": { "uv": [ 0.5, 3, 1.5, 12 ], "texture": "#texture" },
				"west": { "uv": [ 2, 3, 14, 12 ], "texture": "#texture" },
				"east": { "uv": [ 14, 3, 2, 12 ], "texture": "#texture" }
			}
		},
		{
			"__comment": "Box9",
			"from": [ -0.5, 11, 9 ],
			"to": [ 2.5, 14, 13 ],
			"faces": {
				"down": { "uv": [ 0, 3, 2.5, 7 ], "texture": "#texture" },
				"up": { "uv": [ 0, 9, 2.5, 13 ], "texture": "#texture" },
				"north": { "uv": [ 13.5, 2, 16, 5 ], "texture": "#texture" },
				"south": { "uv": [ 0, 2, 2.5, 5 ], "texture": "#texture" },
				"west": { "uv": [ 9, 2, 13, 5 ], "texture": "#texture" },
				"east": { "uv": [ 13, 2, 9, 5 ], "texture": "#texture" }
			}
		}
	]
}