{
	"__comment": "Designed by Jehkoba with Cubik Studio - https://cubik.studio",
	"textures": {
		"particle": "block/spruce_fence",
		"texture": "block/spruce_fence"
	},
	"elements": [ 	 
		{
			"__comment": "Box2",
			"from": [ 7, 1, 0 ],
			"to": [ 9, 5, 6.5 ],
			"faces": {
				"down": { "uv": [ 7, 9.5, 9, 16 ], "texture": "#texture" },
				"up": { "uv": [ 7, 0, 9, 6.5 ], "texture": "#texture" },
				"north": { "uv": [ 7, 11, 9, 15 ], "texture": "#texture" },
				"south": { "uv": [ 7, 11, 9, 15 ], "texture": "#texture" },
				"west": { "uv": [ 0, 11, 6.5, 15 ], "texture": "#texture" },
				"east": { "uv": [ 9.5, 11, 16, 15 ], "texture": "#texture" }
			}
		},
		{
			"__comment": "Box3",
			"from": [ 7, 6, 0 ],
			"to": [ 9, 10, 6.5 ],
			"faces": {
				"down": { "uv": [ 7, 9.5, 9, 16 ], "texture": "#texture" },
				"up": { "uv": [ 7, 0, 9, 6.5 ], "texture": "#texture" },
				"north": { "uv": [ 7, 6, 9, 10 ], "texture": "#texture" },
				"south": { "uv": [ 7, 6, 9, 10 ], "texture": "#texture" },
				"west": { "uv": [ 0, 6, 6.5, 10 ], "texture": "#texture" },
				"east": { "uv": [ 9.5, 6, 16, 10 ], "texture": "#texture" }
			}
		},
		{
			"__comment": "Box4",
			"from": [ 7, 11, 0 ],
			"to": [ 9, 15, 6.5 ],
			"faces": {
				"down": { "uv": [ 7, 9.5, 9, 16 ], "texture": "#texture" },
				"up": { "uv": [ 7, 0, 9, 6.5 ], "texture": "#texture" },
				"north": { "uv": [ 7, 1, 9, 5 ], "texture": "#texture" },
				"south": { "uv": [ 7, 1, 9, 5 ], "texture": "#texture" },
				"west": { "uv": [ 0, 1, 6.5, 5 ], "texture": "#texture" },
				"east": { "uv": [ 9.5, 1, 16, 5 ], "texture": "#texture" }
			}
		}
	]
}