{
	"__comment": "Designed by Jehkoba with Cubik Studio - https://cubik.studio",
	"textures": {
		"particle": "block/spruce_fence",
		"texture": "block/spruce_fence"
	},
	"elements": [ 	 
		{
			"__comment": "Left-hand post",
			"from": [ 0, 1, 7 ],
			"to": [ 2, 15, 9 ],
			"faces": {
				"down": { "uv": [ 14, 10, 16, 12 ], "texture": "#texture" },
				"up": { "uv": [ 0, 8, 2, 10 ], "texture": "#texture" },
				"north": { "uv": [ 7, 2, 9, 16 ], "texture": "#texture" },
				"south": { "uv": [ 7, 2, 9, 16 ], "texture": "#texture" },
				"west": { "uv": [ 7, 2, 9, 16 ], "texture": "#texture", "cullface": "west" },
				"east": { "uv": [ 7, 2, 9, 16 ], "texture": "#texture" }
			}
		},
		{
			"__comment": "Right-hand post",
			"from": [ 14, 1, 7 ],
			"to": [ 16, 15, 9 ],
			"faces": {
				"down": { "uv": [ 14, 10, 16, 12 ], "texture": "#texture" },
				"up": { "uv": [ 0, 8, 2, 10 ], "texture": "#texture" },
				"north": { "uv": [ 7, 2, 9, 16 ], "texture": "#texture" },
				"south": { "uv": [ 7, 2, 9, 16 ], "texture": "#texture" },
				"west": { "uv": [ 7, 2, 9, 16 ], "texture": "#texture" },
				"east": { "uv": [ 7, 2, 9, 16 ], "texture": "#texture", "cullface": "east" }
			}
		},
		{
			"__comment": "Inner vertical post of left-hand gate door",
			"from": [ 0, 1.5, 13 ],
			"to": [ 2, 14.5, 15 ],
			"faces": {
				"down": { "uv": [ 0, 13, 2, 15 ], "texture": "#texture" },
				"up": { "uv": [ 14, 12, 16, 14 ], "texture": "#texture" },
				"north": { "uv": [ 7, 1, 9, 14 ], "texture": "#texture" },
				"south": { "uv": [ 7, 1, 9, 14 ], "texture": "#texture" },
				"west": { "uv": [ 7, 1, 9, 14 ], "texture": "#texture" },
				"east": { "uv": [ 7, 1, 9, 14 ], "texture": "#texture" }
			}
		},
		{
			"__comment": "Inner vertical post of right-hand gate door",
			"from": [ 14, 1.5, 13 ],
			"to": [ 16, 14.5, 15 ],
			"faces": {
				"down": { "uv": [ 14, 13, 16, 15 ], "texture": "#texture" },
				"up": { "uv": [ 14, 12, 16, 14 ], "texture": "#texture" },
				"north": { "uv": [ 7, 1, 9, 14 ], "texture": "#texture" },
				"south": { "uv": [ 7, 1, 9, 14 ], "texture": "#texture" },
				"west": { "uv": [ 7, 1, 9, 14 ], "texture": "#texture" },
				"east": { "uv": [ 7, 1, 9, 14 ], "texture": "#texture" }
			}
		},
		{
			"__comment": "Lower horizontal bar of left-hand gate door",
			"from": [ 0.5, 1.5, 9 ],
			"to": [ 1.5, 5.5, 13 ],
			"faces": {
				"down": { "uv": [ 0, 9, 2, 13 ], "texture": "#texture" },
				"up": { "uv": [ 0, 9, 2, 13 ], "texture": "#texture" },
				"west": { "uv": [ 10, 6, 14, 10 ], "texture": "#texture" },
				"east": { "uv": [ 14, 6, 10, 10 ], "texture": "#texture" }
			}
		},
		{
			"__comment": "Upper horizontal bar of left-hand gate door",
			"from": [ 0.5, 6, 9 ],
			"to": [ 1.5, 10, 13 ],
			"faces": {
				"down": { "uv": [ 0, 9, 2, 13 ], "texture": "#texture" },
				"up": { "uv": [ 0, 9, 2, 13 ], "texture": "#texture" },
				"west": { "uv": [ 10, 1, 14, 5 ], "texture": "#texture" },
				"east": { "uv": [ 14, 1, 10, 5 ], "texture": "#texture" }
			}
		},
		{
			"__comment": "Lower horizontal bar of left-hand gate door",
			"from": [ 14.5, 1.5, 9 ],
			"to": [ 15.5, 5.5, 13 ],
			"faces": {
				"down": { "uv": [ 14, 9, 16, 13 ], "texture": "#texture" },
				"up": { "uv": [ 14, 9, 16, 13 ], "texture": "#texture" },
				"west": { "uv": [ 10, 6, 14, 10 ], "texture": "#texture" },
				"east": { "uv": [ 14, 6, 10, 10 ], "texture": "#texture" }
			}
		},
		{
			"__comment": "Upper horizontal bar of left-hand gate door",
			"from": [ 14.5, 6, 9 ],
			"to": [ 15.5, 10, 13 ],
			"faces": {
				"down": { "uv": [ 14, 9, 16, 13 ], "texture": "#texture" },
				"up": { "uv": [ 14, 9, 16, 13 ], "texture": "#texture" },
				"west": { "uv": [ 10, 1, 14, 5 ], "texture": "#texture" },
				"east": { "uv": [ 14, 1, 10, 5 ], "texture": "#texture" }
			}
		},
		{
			"__comment": "Upper horizontal bar of left-hand gate door",
			"from": [ 0.5, 10.5, 9 ],
			"to": [ 1.5, 14.5, 13 ],
			"faces": {
				"down": { "uv": [ 14, 9, 16, 13 ], "texture": "#texture" },
				"up": { "uv": [ 14, 9, 16, 13 ], "texture": "#texture" },
				"west": { "uv": [ 10, 1, 14, 5 ], "texture": "#texture" },
				"east": { "uv": [ 14, 1, 10, 5 ], "texture": "#texture" }
			}
		},
		{
			"__comment": "Upper horizontal bar of left-hand gate door",
			"from": [ 14.5, 10.5, 9 ],
			"to": [ 15.5, 14.5, 13 ],
			"faces": {
				"down": { "uv": [ 0, 9, 2, 13 ], "texture": "#texture" },
				"up": { "uv": [ 0, 9, 2, 13 ], "texture": "#texture" },
				"west": { "uv": [ 10, 1, 14, 5 ], "texture": "#texture" },
				"east": { "uv": [ 14, 1, 10, 5 ], "texture": "#texture" }
			}
		}
	]
}